step,lr,loss,wte=lm_head,wpe,h.0.ln_1,h.0.attn.c_attn,h.0.attn.c_proj,h.0.ln_2,h.0.mlp.c_fc,h.0.mlp.c_proj,h.1.ln_1,h.1.attn.c_attn,h.1.attn.c_proj,h.1.ln_2,h.1.mlp.c_fc,h.1.mlp.c_proj,h.2.ln_1,h.2.attn.c_attn,h.2.attn.c_proj,h.2.ln_2,h.2.mlp.c_fc,h.2.mlp.c_proj,h.3.ln_1,h.3.attn.c_attn,h.3.attn.c_proj,h.3.ln_2,h.3.mlp.c_fc,h.3.mlp.c_proj,h.4.ln_1,h.4.attn.c_attn,h.4.attn.c_proj,h.4.ln_2,h.4.mlp.c_fc,h.4.mlp.c_proj,h.5.ln_1,h.5.attn.c_attn,h.5.attn.c_proj,h.5.ln_2,h.5.mlp.c_fc,h.5.mlp.c_proj,ln_f
1,6.66667e-05,4.28377,0.00331032,0.00333172,6.65648e-05,0.00330919,0.0115433,6.65794e-05,0.00333089,0.0115388,6.65228e-05,0.00329343,0.0115347,6.65835e-05,0.00332379,0.0115369,6.64541e-05,0.00328617,0.0115194,6.66005e-05,0.00332785,0.0115427,6.6468e-05,0.00327481,0.011536,6.65636e-05,0.00332933,0.0115439,6.65151e-05,0.00326336,0.0115213,6.65706e-05,0.00333044,0.0115205,6.65249e-05,0.00325346,0.0115535,6.65472e-05,0.00332805,0.0115475,6.66222e-05
2,0.000133333,3.61403,0.0051759,0.00475546,9.14424e-05,0.0049559,0.0158431,0.000104501,0.00514283,0.0175651,9.74408e-05,0.00507794,0.0164332,0.000102104,0.00509514,0.0175899,9.88074e-05,0.00494712,0.0166688,0.000101351,0.00510371,0.0177084,9.92193e-05,0.0049579,0.0167017,0.000103465,0.00513306,0.0176676,9.89759e-05,0.00498449,0.0169269,0.000104229,0.0050879,0.0175647,9.85101e-05,0.00486602,0.0168582,0.000103399,0.00507549,0.017598,0.000101797
3,0.0002,3.43944,0.00691257,0.00528663,9.5186e-05,0.00614784,0.0169296,0.000132306,0.00653502,0.0215651,0.000109545,0.00611807,0.0185829,0.0001216,0.00617843,0.0213659,0.000112293,0.0057988,0.0192947,0.000123968,0.00614943,0.0213702,0.000118585,0.00588139,0.0197365,0.00012458,0.00617282,0.021364,0.000118635,0.00585909,0.0199876,0.000123016,0.00619083,0.0210408,0.00011776,0.00585522,0.019974,0.000126296,0.0061633,0.0212261,0.00013157
4,0.000266667,3.51093,0.00837905,0.00547856,0.000105477,0.00702637,0.0170722,0.000151963,0.00743907,0.0242949,0.000116773,0.00663284,0.0190988,0.000133361,0.00672497,0.0230067,0.00011521,0.00619138,0.020137,0.00013605,0.00655219,0.0226685,0.000128949,0.00632663,0.0202537,0.000131482,0.0064944,0.0223655,0.000119592,0.00624011,0.0205308,0.000128171,0.00651501,0.0222226,0.000127034,0.00614908,0.0213412,0.00013572,0.00647852,0.0224241,0.000139909
5,0.000333333,3.33154,0.0102582,0.00662162,0.000136546,0.0088367,0.0182712,0.000185784,0.0090949,0.0293249,0.000129258,0.00760791,0.0195171,0.000158608,0.0076328,0.0258469,0.000128641,0.00662297,0.020708,0.000150261,0.00722902,0.0247687,0.000132754,0.00661849,0.0209752,0.000145181,0.0071398,0.024109,0.000127239,0.00649983,0.0213747,0.000139375,0.00695963,0.0235929,0.000132792,0.006582,0.0224988,0.000147748,0.007028,0.0239894,0.000158834
6,0.0004,3.24928,0.0123786,0.00916426,0.000192513,0.0113273,0.024353,0.0002374,0.0111362,0.0352767,0.000168701,0.00941319,0.022042,0.000196853,0.00882332,0.0294056,0.000147451,0.00759867,0.0205119,0.000172405,0.00798008,0.0267936,0.000139665,0.00736557,0.0200046,0.000151668,0.00756788,0.0253545,0.000128253,0.00700755,0.0210714,0.000153888,0.00720398,0.0243094,0.000129184,0.00687997,0.0217592,0.000150546,0.00718057,0.0245092,0.000190649
7,0.000466667,3.0713,0.0139338,0.0105057,0.00021635,0.0124748,0.0294185,0.000266973,0.0120548,0.03815,0.000194662,0.0103381,0.0258084,0.000221302,0.00963598,0.0317763,0.000169167,0.00914343,0.0225458,0.000190064,0.00875436,0.0288931,0.000150385,0.00890843,0.0212125,0.000168642,0.00819395,0.0269396,0.000135886,0.00846985,0.0218661,0.000166613,0.00780406,0.0254473,0.000141336,0.00830207,0.0223186,0.000160701,0.00769635,0.0252664,0.000221564
8,0.000533333,3.41284,0.0143677,0.0112287,0.000237497,0.0137437,0.0309795,0.000300102,0.0125734,0.0389884,0.000219013,0.0107812,0.0275502,0.000250609,0.0102102,0.0339792,0.000197265,0.0100635,0.0257917,0.000213151,0.00925892,0.0306976,0.000173804,0.0101197,0.0234822,0.000185385,0.0086107,0.0281316,0.000152027,0.00969071,0.022835,0.000183222,0.00812111,0.0260683,0.000146228,0.00953982,0.0231323,0.000167906,0.00794503,0.0257035,0.000221333
9,0.0006,3.14194,0.0155861,0.0124709,0.000273418,0.0152581,0.0311853,0.000297598,0.0132864,0.0398465,0.000233174,0.0119668,0.0290733,0.000264378,0.0106354,0.0350431,0.000209116,0.0108879,0.0272577,0.000212781,0.00959871,0.0316306,0.000182994,0.0108796,0.02489,0.000193822,0.00893195,0.0291327,0.000157065,0.010803,0.0241565,0.000179668,0.00831472,0.0268638,0.000151843,0.0104875,0.0250906,0.000171775,0.00815879,0.0266931,0.000229472
10,0.000666667,2.97843,0.0177833,0.0146932,0.000302337,0.015775,0.0355728,0.000319385,0.0140989,0.0424366,0.000246266,0.0126125,0.0315719,0.000280478,0.0116459,0.0379594,0.000222371,0.0121541,0.0288417,0.000231025,0.0107229,0.0347822,0.000194015,0.0119241,0.0262854,0.000229705,0.0101205,0.0323051,0.00017881,0.0121964,0.0258808,0.000213927,0.00954218,0.0300762,0.000171887,0.0124703,0.0272977,0.000204877,0.00947389,0.0299582,0.000255548
11,0.000733333,2.96702,0.0182761,0.0134809,0.000282687,0.0153658,0.0351597,0.00032708,0.0140881,0.0404474,0.000261066,0.0133227,0.0323253,0.000290606,0.011389,0.0372248,0.00022498,0.0121115,0.0294936,0.000224095,0.0102401,0.0341184,0.000187918,0.0113771,0.0263177,0.000207001,0.00972157,0.0317549,0.000174285,0.0114602,0.0260597,0.000191273,0.00933141,0.029624,0.000172897,0.0123931,0.0274555,0.000197401,0.00934188,0.0296992,0.000259108
12,0.0008,2.87345,0.0199047,0.0154566,0.000304942,0.0153395,0.0374941,0.00032647,0.0144386,0.040444,0.000280446,0.0140091,0.0320549,0.000288756,0.0113965,0.0364631,0.000230164,0.012668,0.0292273,0.000228822,0.0102242,0.033582,0.000195941,0.0117375,0.0257257,0.000214541,0.00968136,0.0313012,0.000177536,0.0122299,0.0250491,0.000195224,0.00925166,0.0292163,0.000174701,0.0122203,0.0262063,0.000202006,0.00926533,0.0290885,0.000282281
13,0.000866667,2.85725,0.0211684,0.0145719,0.000319025,0.0160026,0.0328786,0.000335083,0.0149613,0.0402886,0.000286272,0.0140856,0.0303311,0.000297428,0.0119365,0.0372256,0.000239008,0.0125263,0.0279259,0.000234693,0.0107394,0.0340469,0.000199551,0.0118233,0.0250311,0.000239233,0.0100048,0.0314656,0.000177141,0.0119592,0.0247615,0.000205377,0.00948293,0.0296836,0.000173294,0.0124447,0.0262786,0.000215246,0.00947762,0.0294722,0.000309971
14,0.000933333,2.78733,0.0227022,0.0148039,0.000327114,0.0160438,0.0294779,0.000335256,0.0152924,0.0399189,0.000292199,0.0148993,0.0295443,0.00028928,0.0118047,0.0367152,0.000235515,0.0133694,0.0279655,0.000225677,0.0105593,0.0337643,0.000203161,0.012144,0.0244759,0.000235117,0.00993812,0.0310508,0.000192887,0.0115231,0.0241228,0.000218701,0.00952346,0.028775,0.00020882,0.0124316,0.0252159,0.000238234,0.00953245,0.0283075,0.000354543
15,0.001,2.72419,0.0244522,0.0167518,0.000362818,0.0173534,0.0338543,0.000385331,0.0161746,0.0405059,0.000310183,0.0143849,0.0305634,0.0002918,0.0121002,0.0369402,0.000244643,0.0148142,0.0287821,0.000239001,0.010855,0.0341627,0.000217938,0.0136193,0.0249453,0.000246306,0.0104719,0.0319427,0.000224378,0.014315,0.0243766,0.000248025,0.0104135,0.0300937,0.000260252,0.0159649,0.0259528,0.000282695,0.0108338,0.0300851,0.000442759
16,0.00106667,2.72958,0.0248455,0.0167499,0.000379434,0.0177271,0.0327375,0.00038524,0.015749,0.0394313,0.000334012,0.0162144,0.0285477,0.000300632,0.0120154,0.0355052,0.00025805,0.0154487,0.026364,0.00022672,0.010529,0.0326355,0.000210716,0.013112,0.0237355,0.000224452,0.0100832,0.03067,0.000200456,0.0133141,0.0231897,0.000215767,0.00990956,0.0288347,0.000220718,0.0136893,0.0244707,0.000231902,0.00985426,0.0280461,0.000439991
17,0.00113333,2.69871,0.0260506,0.0176373,0.000466939,0.0180106,0.0310924,0.000387735,0.0162299,0.0394615,0.000387216,0.0144809,0.0265699,0.000279428,0.0122136,0.0364448,0.000304048,0.0140073,0.0247909,0.000220464,0.0109928,0.0337061,0.00023487,0.0133592,0.0227365,0.000222801,0.0107174,0.0321714,0.000200813,0.0142691,0.0226775,0.000229549,0.0106546,0.0307506,0.000224474,0.0154541,0.0240336,0.000240389,0.0105401,0.0301015,0.000454523
18,0.0012,2.66041,0.0262072,0.0184416,0.000509462,0.0183225,0.0333501,0.000399462,0.0158327,0.0379232,0.000383486,0.0133339,0.0274615,0.000290427,0.0115598,0.0349948,0.000311862,0.0136397,0.0243048,0.000214234,0.0103386,0.0320331,0.000250271,0.0125023,0.0215775,0.00021403,0.0100588,0.0305158,0.000213638,0.0128115,0.0216591,0.000214938,0.00969148,0.0289673,0.000223177,0.0129573,0.0225661,0.000226165,0.00956616,0.0280071,0.00049926
19,0.00126667,2.65804,0.026571,0.0189641,0.000569482,0.0184438,0.0366541,0.000395046,0.0156405,0.0369216,0.000368358,0.0131794,0.0275763,0.000285027,0.0116738,0.0346817,0.000302711,0.0140376,0.0244479,0.00020187,0.0106891,0.0323249,0.00026385,0.012666,0.0220175,0.000210374,0.0105222,0.0310269,0.000235603,0.0131219,0.0225264,0.000221309,0.0104462,0.0297488,0.000235051,0.0132492,0.024478,0.000238089,0.0107037,0.0290927,0.000533348
20,0.00133333,2.67305,0.0262164,0.0179895,0.000554167,0.0179496,0.0306014,0.000405817,0.0154258,0.0360755,0.000390214,0.0128363,0.0251143,0.000288253,0.0114485,0.0337469,0.000315461,0.0135027,0.02279,0.000217941,0.0101974,0.0308569,0.000260131,0.012355,0.0206061,0.000223479,0.00982696,0.0293499,0.000233964,0.0135709,0.0206346,0.000249602,0.00965124,0.0279289,0.000218455,0.0140921,0.0213859,0.000265061,0.00959919,0.0267099,0.00054855
21,0.0014,2.64467,0.0261835,0.0178844,0.000588034,0.0184874,0.0314117,0.000429378,0.0158062,0.0361685,0.000438628,0.0135756,0.0233182,0.000278267,0.0116106,0.0335347,0.000348704,0.0133755,0.0216146,0.000234893,0.0102694,0.0304991,0.000273415,0.0120256,0.0199831,0.000239236,0.010003,0.0291488,0.00025209,0.0130713,0.0206493,0.000264954,0.00981682,0.0276283,0.000248669,0.0127385,0.021968,0.000274424,0.00981535,0.0263636,0.000509794
22,0.00146667,2.59913,0.0257334,0.0175372,0.000646188,0.0192804,0.0319102,0.000433479,0.0158415,0.0349527,0.000426735,0.0125566,0.0220564,0.000279543,0.0116326,0.0326779,0.000346985,0.0116141,0.0209961,0.000216304,0.0104655,0.030308,0.000285854,0.0114979,0.0195373,0.000220561,0.0104449,0.0293132,0.000263634,0.0137627,0.0204246,0.000232787,0.0104651,0.0282565,0.000263303,0.0145272,0.0227943,0.000248306,0.010719,0.0275543,0.00053034
23,0.00153333,2.58167,0.025625,0.017616,0.000677913,0.0185576,0.0307049,0.000454637,0.0153734,0.0337607,0.00040779,0.0123294,0.0212307,0.000305809,0.0112636,0.0310804,0.000329985,0.0109055,0.0198724,0.000215818,0.00992109,0.0280853,0.000272931,0.0109626,0.0180987,0.000235927,0.00975147,0.0265176,0.000261179,0.0118946,0.0185745,0.00025795,0.00947998,0.0249499,0.000250324,0.0123138,0.0199038,0.000260465,0.00936628,0.0240046,0.000571551
24,0.0016,2.59314,0.0255734,0.0178181,0.0007127,0.0200695,0.0282358,0.000481355,0.0155662,0.0332878,0.00038613,0.0120108,0.0195425,0.000333146,0.0115673,0.0308564,0.000317959,0.011538,0.0184747,0.000244883,0.0100417,0.0275269,0.000271794,0.0115382,0.0171221,0.000273263,0.00978568,0.025786,0.000260729,0.0132836,0.0174256,0.000302922,0.00953165,0.0242058,0.000260864,0.0129977,0.0184562,0.000309063,0.0094729,0.0230371,0.000579294
25,0.00166667,2.57757,0.0249233,0.0178434,0.000722659,0.0204436,0.0296995,0.000457653,0.0150133,0.0315414,0.000378312,0.0114912,0.0185346,0.000306987,0.0107767,0.0289758,0.000308178,0.0110539,0.0176612,0.000225587,0.00936584,0.0259982,0.000259315,0.0105222,0.0164011,0.000243297,0.00922994,0.0246434,0.00024314,0.0120762,0.0166263,0.000273693,0.00901169,0.0232787,0.000235638,0.0125383,0.0175402,0.000273434,0.00912375,0.022263,0.000569177
26,0.00173333,2.56172,0.024651,0.0181027,0.000747706,0.0207447,0.0313659,0.000445157,0.0152608,0.0312612,0.000383179,0.0122956,0.0181481,0.000285625,0.0111159,0.02916,0.000334113,0.0118429,0.0171051,0.000229137,0.00984865,0.0262713,0.000287879,0.0110223,0.0165346,0.0002234,0.00966475,0.0251916,0.000297624,0.0120564,0.017146,0.000214292,0.00955009,0.0243464,0.00027796,0.0129213,0.0191488,0.000226189,0.00970985,0.0233963,0.000557038
27,0.0018,2.56282,0.024035,0.0181553,0.000765066,0.0204436,0.0317311,0.000421996,0.0148208,0.0294026,0.000383973,0.010196,0.0172589,0.00027102,0.0107515,0.0275494,0.000326845,0.00980682,0.0162239,0.000215321,0.00908337,0.0247884,0.000270374,0.00964013,0.015518,0.000206678,0.00889309,0.0234465,0.000268974,0.0118215,0.0163658,0.000219754,0.00887653,0.0224504,0.000263213,0.0127036,0.0176932,0.000221897,0.00868051,0.0215738,0.000533589
28,0.00186667,2.57021,0.023826,0.019176,0.000783838,0.0210021,0.0324338,0.000441543,0.0150771,0.0293266,0.000349736,0.0108659,0.0168714,0.000279068,0.0109518,0.0274018,0.000286334,0.0110528,0.0157397,0.00022596,0.00930157,0.0241604,0.000253242,0.0101,0.0150509,0.000254729,0.0090446,0.0226464,0.000275528,0.0123482,0.0157716,0.000287362,0.00894109,0.0214619,0.000291204,0.0137524,0.0171605,0.000304744,0.00885674,0.0201949,0.000530592
29,0.00193333,2.57151,0.0227049,0.0186648,0.000872506,0.0209047,0.0301578,0.000433973,0.0150608,0.0287479,0.000365612,0.0106796,0.0162749,0.000307413,0.0115304,0.0272315,0.000322752,0.011264,0.0153515,0.000218724,0.0105311,0.0249545,0.000291011,0.0112423,0.0151893,0.000205159,0.0107417,0.0239468,0.000317322,0.0144276,0.016759,0.000212995,0.0109583,0.0231671,0.000326693,0.0156258,0.0192797,0.000217778,0.0112387,0.0222812,0.000476213
30,0.002,2.54398,0.0223556,0.0185355,0.000876271,0.0209006,0.0318937,0.000446569,0.0151026,0.0287079,0.000400492,0.0105234,0.0165243,0.000298927,0.0119085,0.0275462,0.000384635,0.0114374,0.0151591,0.00022474,0.0104608,0.0251469,0.000323808,0.0106732,0.0148014,0.000210564,0.0100055,0.0243477,0.000306478,0.0130047,0.0169297,0.000210443,0.00974469,0.0235886,0.000341843,0.0141299,0.0192798,0.000195705,0.00992495,0.0227035,0.000463911
31,0.002,2.54873,0.021,0.0193464,0.000867573,0.0198455,0.0311767,0.000454975,0.0140683,0.0263738,0.000340057,0.00968315,0.0151903,0.000266157,0.0103741,0.0246686,0.000320789,0.0101986,0.0141876,0.000217168,0.00912975,0.0222061,0.000287431,0.0103343,0.0142775,0.000253795,0.00913652,0.0210218,0.000341897,0.0114347,0.0156268,0.000274407,0.00910899,0.0202777,0.000369317,0.0127663,0.0170398,0.000266501,0.00957959,0.0193237,0.000435226
32,0.002,2.54294,0.0199954,0.01838,0.000800998,0.0196745,0.0297313,0.000422858,0.0133322,0.0247521,0.000338399,0.00845615,0.0143023,0.000249077,0.00972636,0.023048,0.000288812,0.00844598,0.013338,0.000192964,0.00853343,0.0209674,0.000257358,0.00864213,0.013859,0.000210411,0.00849081,0.0198297,0.000273971,0.0102796,0.015345,0.000214915,0.00845816,0.0189666,0.000283296,0.0110031,0.0170876,0.000217123,0.00867279,0.0183321,0.000380209
33,0.002,2.54479,0.0194446,0.0183666,0.000829704,0.0199462,0.0313661,0.000444289,0.0136291,0.0247368,0.000318551,0.0105306,0.0134826,0.000278046,0.0103122,0.0231358,0.000291604,0.0105745,0.0125026,0.000210472,0.00934294,0.0211899,0.000284124,0.0105646,0.0134451,0.000202579,0.00911347,0.0201979,0.000275764,0.0118273,0.0154056,0.000197764,0.00926781,0.0193884,0.000316384,0.0130562,0.0178636,0.00019501,0.00937376,0.0188416,0.000361327
34,0.002,2.50358,0.0180834,0.0175533,0.000888349,0.0169421,0.0277625,0.000440289,0.0126757,0.0223593,0.000275608,0.00904294,0.0121839,0.000252637,0.00933496,0.021039,0.000264629,0.00845053,0.0107931,0.000207932,0.00821801,0.0190909,0.000253675,0.00896992,0.010597,0.000214364,0.00793282,0.0181731,0.000272815,0.0100407,0.011663,0.000213562,0.00778491,0.0172277,0.000307579,0.0110325,0.0126194,0.000194425,0.00804042,0.0163542,0.000319346
35,0.002,2.53859,0.0173301,0.0173545,0.000855349,0.0175648,0.0270817,0.00044313,0.0123862,0.0219181,0.000288066,0.00828092,0.0120251,0.000244151,0.00936505,0.0212432,0.00027019,0.00806745,0.0108902,0.000220833,0.00837937,0.0192948,0.00022423,0.00807181,0.011429,0.000240006,0.00822325,0.0183447,0.000279173,0.00926961,0.0130424,0.000243647,0.00819317,0.0174761,0.000308095,0.00950941,0.014031,0.00023078,0.00837562,0.0165558,0.000317073
36,0.002,2.51506,0.0164686,0.0176916,0.00079185,0.0173969,0.0266001,0.0003931,0.0118697,0.020706,0.000290381,0.00798117,0.0113522,0.000245302,0.00901482,0.0202468,0.000257539,0.00700316,0.0104052,0.000187147,0.00806357,0.0182015,0.000204032,0.00781028,0.0107935,0.00018316,0.00793715,0.0172929,0.000235471,0.00883392,0.0124414,0.00019444,0.00775113,0.0165279,0.000236497,0.00891086,0.0136395,0.000191532,0.00782395,0.0157764,0.000310276
37,0.002,2.51282,0.0154993,0.0171753,0.00076584,0.016961,0.0283008,0.0003585,0.011377,0.0192696,0.000268251,0.00805807,0.0105421,0.000220208,0.00859118,0.0191526,0.000238771,0.00736709,0.00956155,0.000176334,0.00775732,0.017495,0.000212468,0.00771575,0.00965588,0.00016178,0.00758507,0.0165375,0.000211742,0.00887521,0.0110399,0.000168377,0.00747238,0.0154538,0.000237499,0.00960506,0.0114988,0.000172934,0.0075968,0.0146137,0.000284066
38,0.002,2.50893,0.0148706,0.0166995,0.000730919,0.0164063,0.0256046,0.000350862,0.0107425,0.017869,0.000250373,0.00730624,0.00982882,0.000201225,0.00774363,0.0174119,0.000219513,0.00640871,0.00884594,0.000166287,0.00673225,0.0158537,0.000190824,0.00652887,0.00912056,0.000168533,0.00653372,0.0150235,0.0002078,0.00800907,0.0103717,0.000180973,0.00643788,0.0142753,0.000242218,0.00886404,0.0111531,0.000171819,0.00647679,0.013623,0.00026868
39,0.002,2.51401,0.0149553,0.0170889,0.000700287,0.0174817,0.0263187,0.00037783,0.0107893,0.0177569,0.000240759,0.00690486,0.00946693,0.000216135,0.00766723,0.0170342,0.000213707,0.00660917,0.00856632,0.000180472,0.00671505,0.0153976,0.000194735,0.00665203,0.00925223,0.000199148,0.00652818,0.0147324,0.000233182,0.00833953,0.0110161,0.000211497,0.00649697,0.0143975,0.000249928,0.00875898,0.0120981,0.0002011,0.00656424,0.013922,0.000290553
40,0.002,2.50548,0.0143385,0.0164983,0.00067932,0.017225,0.0254154,0.000383858,0.0105064,0.0171797,0.000236312,0.00661763,0.00874727,0.000220648,0.00759714,0.0169769,0.000195964,0.00638368,0.00797456,0.00019205,0.00670253,0.0152838,0.000178269,0.00668267,0.00838413,0.000205136,0.00657669,0.0145274,0.000219738,0.00809304,0.00994596,0.000217855,0.00643853,0.0136787,0.000227442,0.00873302,0.0107221,0.000201187,0.00650882,0.0129944,0.000295379
41,0.002,2.49559,0.0139157,0.0164836,0.000671389,0.0180334,0.0257734,0.000366441,0.0103601,0.016888,0.000212806,0.00628733,0.00829533,0.000204888,0.00757873,0.0169652,0.000181406,0.00582031,0.00772972,0.000186926,0.00669025,0.0154318,0.00016094,0.00672394,0.00806683,0.000183431,0.00651278,0.0147909,0.000187353,0.00823139,0.0091231,0.000186716,0.00647747,0.0136852,0.00019299,0.00893523,0.00955526,0.000155697,0.00644046,0.0129658,0.000297396
42,0.002,2.49339,0.0135697,0.0164878,0.000630161,0.0177403,0.0252844,0.00035787,0.00989484,0.0160287,0.000193675,0.00646634,0.00805315,0.00021803,0.00733184,0.0166032,0.000179683,0.00602571,0.00796529,0.000168682,0.00646488,0.0151005,0.000163756,0.00694749,0.00863725,0.000161921,0.00652986,0.014677,0.000181409,0.00799033,0.00982363,0.000168554,0.00668016,0.01413,0.000190724,0.009084,0.0103617,0.00015461,0.00674889,0.0136665,0.000310758
43,0.002,2.50082,0.0131557,0.0165835,0.000675209,0.0179865,0.0268474,0.000358912,0.00955258,0.0150121,0.000192907,0.005701,0.00776863,0.000210499,0.00696137,0.0149131,0.000174372,0.00543392,0.00721395,0.000165857,0.0059901,0.013502,0.000173191,0.00626783,0.00742264,0.000155293,0.00580991,0.0130076,0.000193649,0.00750056,0.00844371,0.000153945,0.00570529,0.012451,0.000196105,0.00782411,0.00869433,0.000138191,0.00564921,0.011699,0.000254056
44,0.002,2.50214,0.0130024,0.0168582,0.000786915,0.0191318,0.028958,0.000344224,0.00987374,0.0156408,0.000187261,0.00646046,0.00882151,0.00020677,0.00752902,0.0162137,0.000154879,0.00660631,0.00780875,0.000169654,0.00657271,0.0147195,0.000156927,0.00688663,0.00822132,0.00017358,0.00623143,0.014027,0.000179361,0.00784152,0.0093084,0.000172192,0.00600608,0.0134526,0.000205459,0.00860787,0.00986969,0.00015952,0.00589924,0.0128114,0.000233696
45,0.002,2.50135,0.0126849,0.0161723,0.000738969,0.0168408,0.0265101,0.000339983,0.00968533,0.0150951,0.00016323,0.00586013,0.00816354,0.000216297,0.00728539,0.0151888,0.000153418,0.00524911,0.00695096,0.000175537,0.00636516,0.0139068,0.000156154,0.00557897,0.00730302,0.000161677,0.00607399,0.0132161,0.000183495,0.00665404,0.00819015,0.000158253,0.00588445,0.0123667,0.000188035,0.00754043,0.00869981,0.000143176,0.00586735,0.0116704,0.000231375
46,0.002,2.52033,0.013121,0.0169193,0.000617599,0.0180654,0.0288677,0.000320371,0.00976253,0.0152726,0.000159622,0.00618465,0.00796094,0.000159872,0.00709756,0.0151641,0.000140036,0.00542146,0.00708645,0.000180039,0.00649053,0.0140907,0.000135196,0.00576215,0.00764388,0.000173333,0.00630301,0.0135647,0.000155427,0.00739626,0.00862412,0.000159571,0.00620454,0.0130264,0.000172573,0.00830442,0.00894642,0.000145454,0.00614537,0.0124844,0.000234084
47,0.002,2.50907,0.0126578,0.0168101,0.000683034,0.0178184,0.0273498,0.000295197,0.00946382,0.0150022,0.000162337,0.00826021,0.00812412,0.000194312,0.00750619,0.0161139,0.000130253,0.00648695,0.00747493,0.000156141,0.00666506,0.0148214,0.000129132,0.00664352,0.00817538,0.000146791,0.00657457,0.0146138,0.000154427,0.00760062,0.00917391,0.000146893,0.00678946,0.014417,0.000182105,0.0101811,0.0104502,0.000172589,0.00706281,0.0143966,0.000243895
48,0.002,2.47396,0.0119575,0.0161827,0.00059628,0.0172964,0.0268706,0.000302107,0.00934507,0.0146396,0.000141579,0.00648437,0.00765998,0.00021004,0.00735645,0.0149462,0.000117253,0.00607727,0.00684448,0.000165478,0.00663231,0.0139291,0.00011708,0.00621869,0.00730523,0.000151326,0.00630105,0.0135831,0.000144729,0.00773802,0.00861686,0.000138571,0.00619578,0.0133054,0.000166749,0.0090114,0.00915475,0.000136639,0.006041,0.012865,0.00023317
49,0.002,2.51448,0.0136022,0.0198715,0.00083815,0.0250035,0.0406524,0.000358973,0.0118585,0.0200674,0.000184638,0.00885806,0.00834301,0.000234332,0.0101602,0.0189155,0.000144281,0.00873352,0.00804035,0.000254121,0.00945186,0.0169072,0.00015371,0.00770032,0.00939276,0.00024131,0.00881617,0.0160683,0.000187864,0.0103119,0.0107971,0.000231098,0.00878558,0.0161949,0.000253456,0.0108421,0.0118086,0.000228798,0.00882521,0.0155995,0.000267201
50,0.002,2.50588,0.0120503,0.0174589,0.000921702,0.0227307,0.0380792,0.00028934,0.0101163,0.0152924,0.000150281,0.00665128,0.00786223,0.00019542,0.0081721,0.015284,0.000107856,0.00618096,0.00710869,0.000174171,0.00766549,0.0141662,0.000120737,0.00631837,0.00723768,0.000166221,0.00711257,0.0135005,0.00013564,0.00776999,0.00817278,0.000149423,0.00675466,0.0126064,0.000162723,0.00856603,0.0084482,0.000155103,0.0067173,0.0119788,0.000209942
51,0.002,2.48647,0.0124397,0.018069,0.000917286,0.022283,0.0390982,0.000318688,0.0103484,0.0155,0.000142999,0.00745441,0.00864711,0.000218797,0.00819291,0.0157994,0.000112746,0.00678027,0.00808727,0.000163234,0.00742507,0.0146947,0.000152089,0.00762909,0.00898488,0.000160123,0.00735806,0.0140483,0.000189083,0.00943418,0.00989776,0.000176052,0.00756445,0.0140293,0.000210443,0.0104031,0.0109173,0.000201116,0.00812762,0.0141695,0.000230708
52,0.002,2.49358,0.0117879,0.0167496,0.00089522,0.0214848,0.0357124,0.000330796,0.00990747,0.0149145,0.000157141,0.00810601,0.00870903,0.000195752,0.00781681,0.0156303,0.000130762,0.00701555,0.00770808,0.000188584,0.00718509,0.0145213,0.000155646,0.0075522,0.00859023,0.00017265,0.00701373,0.0139527,0.000186442,0.00897008,0.00944299,0.000157803,0.00694986,0.0136833,0.000209447,0.0104853,0.0107493,0.000174039,0.00724547,0.0136815,0.00024407
53,0.002,2.49906,0.0117506,0.0163974,0.000797009,0.0200141,0.036851,0.000348024,0.00991886,0.0158199,0.000165874,0.00851178,0.00884933,0.000191428,0.00804863,0.0161572,0.000140965,0.00710596,0.00759243,0.000248865,0.00769678,0.0146552,0.000197779,0.0072498,0.00840543,0.000251856,0.0076416,0.0141206,0.000271124,0.00959495,0.00973666,0.000229228,0.00777574,0.0132883,0.000331104,0.0103142,0.0115493,0.000229893,0.00812106,0.0130646,0.000231806
54,0.002,2.49456,0.0115467,0.016033,0.000772058,0.0191689,0.0331185,0.000335421,0.0094547,0.0148333,0.000163812,0.00941172,0.00876313,0.000179891,0.00727895,0.0147773,0.000137645,0.0079809,0.00758552,0.000218218,0.00689319,0.0135799,0.000174532,0.00726346,0.00799979,0.000231717,0.00707316,0.0133291,0.000232884,0.00874142,0.00900833,0.000238333,0.00749269,0.0131127,0.00029933,0.00963195,0.0105436,0.000223487,0.0077208,0.012908,0.000231482
55,0.002,2.48507,0.0116168,0.0166055,0.000800996,0.0200753,0.0335725,0.00031061,0.0091692,0.0139961,0.000149439,0.00817123,0.00884928,0.000176121,0.00703836,0.0147145,0.000109421,0.00651168,0.00776335,0.000165594,0.00675157,0.0136571,0.000119642,0.00689024,0.00804412,0.00017197,0.00667635,0.0134336,0.000140376,0.00782403,0.00888157,0.000161143,0.00648755,0.0131426,0.000165686,0.0082422,0.00947211,0.000181099,0.00667042,0.0132905,0.000238726
56,0.002,2.49034,0.011657,0.0168853,0.000734258,0.0183444,0.0301731,0.000294149,0.00899635,0.014062,0.000159378,0.00863531,0.00892028,0.000185306,0.00702617,0.0148346,0.000118696,0.00783377,0.00810771,0.000144815,0.00644406,0.0139958,0.000141349,0.00800776,0.00870651,0.00016275,0.00667962,0.0140248,0.000165304,0.00927261,0.00962373,0.000178944,0.0069252,0.0145368,0.000193532,0.0100722,0.0102128,0.000240213,0.00791733,0.0152215,0.000244617
57,0.002,2.47889,0.0112035,0.0162335,0.000682089,0.0179646,0.029645,0.00029493,0.00879013,0.0129746,0.000145703,0.00726972,0.00852041,0.000151744,0.00654225,0.0137059,0.000127194,0.00687143,0.00772689,0.000142687,0.00590478,0.0126807,0.000134375,0.00641445,0.00846599,0.000139348,0.00591497,0.0127929,0.000165804,0.00752393,0.00932188,0.000143431,0.00608498,0.0127599,0.000165744,0.00831567,0.0102964,0.000174259,0.00663341,0.0130745,0.00020245
58,0.002,2.46534,0.0108238,0.015938,0.000639785,0.0176931,0.028781,0.000285964,0.00858336,0.0129984,0.000141302,0.00691588,0.00843998,0.000150082,0.0064957,0.0139949,0.000132551,0.00604074,0.00787065,0.00016382,0.00607699,0.0129356,0.00014074,0.00592725,0.00854696,0.000162498,0.00580902,0.0125404,0.000187585,0.00743786,0.00946978,0.000147356,0.005824,0.0120661,0.000203723,0.00815923,0.0110531,0.000162202,0.00598419,0.0119018,0.000206603
59,0.002,2.46872,0.0105569,0.0157703,0.000594447,0.0172652,0.0279396,0.000287812,0.00875051,0.0132687,0.000151267,0.00783423,0.00792154,0.000157653,0.00654228,0.0136364,0.000144573,0.00661502,0.00713292,0.000150978,0.00592677,0.0128116,0.000155253,0.00636092,0.00736999,0.000154789,0.00565639,0.0124561,0.000212741,0.00767174,0.00851913,0.000140612,0.0057683,0.0121051,0.000243876,0.00780465,0.00986176,0.000165627,0.00600455,0.0118666,0.000211702
60,0.002,2.45166,0.010474,0.015926,0.000556474,0.0167327,0.0286995,0.000282969,0.00869744,0.0130748,0.000135614,0.0080554,0.0074884,0.000152472,0.00653729,0.0134631,0.000121582,0.00612485,0.00629546,0.000144523,0.00590199,0.0124297,0.000129458,0.0065571,0.00639631,0.000136513,0.00571554,0.0120612,0.000187298,0.00764219,0.00773931,0.000128625,0.00563244,0.0115588,0.000217362,0.00780286,0.00854608,0.000146117,0.00579706,0.0113961,0.00021968
61,0.002,2.46741,0.0105038,0.0157386,0.000546188,0.0171559,0.028516,0.000304564,0.00846004,0.0124831,0.000143255,0.00755465,0.00811122,0.000150921,0.00605495,0.0131398,0.000106724,0.00642388,0.00679681,0.000137811,0.00548192,0.0122818,0.000120728,0.00689223,0.0070338,0.00012255,0.00530307,0.0121219,0.000147098,0.00758697,0.00842516,0.000118529,0.00521239,0.0120196,0.000173846,0.00782447,0.00918007,0.000122706,0.00516311,0.0119388,0.000230461
62,0.002,2.46163,0.010838,0.0159846,0.000652685,0.0185939,0.0312548,0.000307578,0.00869326,0.0127991,0.000129052,0.00748259,0.00825716,0.000153375,0.00624499,0.0130206,9.21212e-05,0.00628019,0.00670839,0.000142391,0.00548844,0.0120175,9.32157e-05,0.00625526,0.00708026,0.000126048,0.00533161,0.0118407,0.000141476,0.00759773,0.00841528,0.00012228,0.00523239,0.0119121,0.000151973,0.00780618,0.00913967,0.000130666,0.00532123,0.0117751,0.00024292
63,0.002,2.45423,0.0111456,0.0165356,0.000612031,0.0182673,0.0301472,0.00030738,0.00871555,0.0125185,0.000173048,0.00895599,0.00820797,0.000156003,0.00617363,0.0126663,9.53648e-05,0.00698062,0.00676642,0.000142917,0.0054801,0.0117208,9.69481e-05,0.00627739,0.00715312,0.000134661,0.0052854,0.0116029,0.000118441,0.00795802,0.00854289,0.000130038,0.00507096,0.0116718,0.000142515,0.00837975,0.00911589,0.000124717,0.00490754,0.0113415,0.000235666
64,0.002,2.46097,0.0108857,0.017472,0.000703413,0.0186647,0.030618,0.000318762,0.00878601,0.0130197,0.000189317,0.00982566,0.0102346,0.000173844,0.00646468,0.0130961,0.000125883,0.00805219,0.0078171,0.000156553,0.00579331,0.0122096,0.000131919,0.00771569,0.00855862,0.000138457,0.00556192,0.0122544,0.000163139,0.00912961,0.00966324,0.000140643,0.00535983,0.0125551,0.000178598,0.00953362,0.0107689,0.000130829,0.00524768,0.0125573,0.000271124
65,0.002,2.47936,0.0103809,0.0169859,0.000698777,0.0177742,0.0289585,0.000313798,0.00901038,0.0136152,0.000212488,0.0100773,0.00987833,0.000175908,0.00678172,0.0134047,0.000123395,0.00684146,0.00786705,0.000160433,0.00598179,0.0124622,0.000131454,0.00702132,0.00836685,0.000151422,0.00565883,0.0122975,0.000160387,0.00821562,0.00914014,0.000151959,0.00549954,0.0125293,0.000190053,0.00923263,0.0100376,0.000156394,0.00552809,0.0122976,0.000233606
66,0.002,2.46864,0.00997716,0.0168305,0.000636867,0.0169931,0.0261998,0.000289972,0.00860726,0.0127342,0.000174321,0.00989652,0.0089626,0.000167609,0.00636311,0.0129886,0.000100434,0.00712596,0.00690111,0.000139913,0.00564395,0.0121778,0.000108576,0.0071919,0.00698629,0.000129958,0.00549734,0.0119325,0.000160298,0.00883791,0.00775357,0.000144595,0.00554508,0.0118923,0.000157704,0.00939352,0.00855926,0.000138583,0.00539363,0.0115094,0.000211408
67,0.002,2.45414,0.0099562,0.0169262,0.00060054,0.0171763,0.0267879,0.000286078,0.00860237,0.0131187,0.000142056,0.00949712,0.00961216,0.000178148,0.00653184,0.0135472,0.000104213,0.00770199,0.00743369,0.000147558,0.00585052,0.0127396,0.000114533,0.00718421,0.00761243,0.000128988,0.00572193,0.0126292,0.000169589,0.008901,0.00868262,0.000149878,0.00588024,0.0129654,0.000170162,0.00931431,0.00944019,0.000138594,0.00568825,0.0125882,0.000230269
68,0.002,2.46926,0.0101105,0.0169631,0.000625683,0.0184287,0.0274182,0.00026227,0.00856263,0.0130308,0.000228764,0.0115077,0.00935047,0.000190784,0.00687137,0.0137852,0.000112348,0.00817832,0.0073286,0.000166002,0.00616184,0.0126853,0.000122758,0.00905689,0.00756897,0.000148082,0.00591279,0.0123893,0.000112568,0.00806695,0.00821771,0.000129731,0.00565022,0.0121683,0.000139911,0.00894391,0.00940977,0.000118513,0.00535482,0.0118164,0.000210232
69,0.002,2.46499,0.0100281,0.0169204,0.000538364,0.0167208,0.0263485,0.000239095,0.00820234,0.0124945,0.000190044,0.00890981,0.00951423,0.000146841,0.00628274,0.0137905,0.000104009,0.00645388,0.00779583,0.000126991,0.0055967,0.0124755,9.67201e-05,0.00612085,0.00824408,0.000119195,0.00536763,0.012063,0.000118487,0.00680028,0.00940211,0.000120609,0.00530298,0.0120261,0.000141168,0.00769759,0.00982321,0.0001256,0.00504537,0.0117955,0.000219886
70,0.002,2.46489,0.0101689,0.0170772,0.000563101,0.0177333,0.0265551,0.000264498,0.00867705,0.0131473,0.000251527,0.011069,0.01054,0.000152807,0.00673585,0.0143377,0.000140311,0.00864427,0.0077322,0.00013315,0.00598054,0.0134249,0.000130832,0.00821234,0.0078575,0.000117443,0.00564116,0.0131254,0.000144345,0.00939218,0.00870747,0.000126763,0.00548492,0.0127455,0.00014992,0.0107346,0.00904766,0.000115575,0.00514751,0.0123071,0.000223552
71,0.002,2.44477,0.0103122,0.0173108,0.000634295,0.0185667,0.0262454,0.000279556,0.00878642,0.0134807,0.000205417,0.0122375,0.00986491,0.000170061,0.0069671,0.0140603,0.000152978,0.00947429,0.00795185,0.000139233,0.00608924,0.0131598,0.000170271,0.00932291,0.00819812,0.000127684,0.00585994,0.0131349,0.00017924,0.0102136,0.0090909,0.000130928,0.00569965,0.013101,0.000187843,0.0109897,0.00989467,0.000135648,0.0055155,0.0128272,0.000235861
72,0.002,2.46356,0.0104772,0.0181091,0.000657976,0.0186977,0.0279244,0.00028275,0.00894999,0.0132098,0.00019156,0.0115688,0.0109755,0.000173755,0.00682528,0.0130289,0.00013008,0.00816963,0.00813395,0.000146633,0.00569492,0.0119886,0.000126188,0.00771839,0.00799808,0.000134783,0.00536007,0.0117035,0.000131811,0.00795736,0.00864849,0.000122884,0.00512112,0.0117379,0.000140766,0.00866853,0.00911245,0.000109667,0.004661,0.0113263,0.000206255
73,0.002,2.43136,0.0103545,0.0174395,0.000661455,0.0184386,0.0281917,0.000273853,0.00905196,0.0138891,0.000244557,0.0128898,0.010526,0.000194021,0.00734339,0.014101,0.000139212,0.00843117,0.00810724,0.000148081,0.00626397,0.0130029,0.0001384,0.00876027,0.00828655,0.000143479,0.00586725,0.0128241,0.00015897,0.0098573,0.00933306,0.000133296,0.00552022,0.0128195,0.000187912,0.0105039,0.00993298,0.000139075,0.00531509,0.0124381,0.000214458
74,0.002,2.45949,0.0102416,0.0177237,0.000610003,0.0175629,0.0266686,0.000287058,0.00876468,0.0132093,0.000211165,0.0114398,0.0106747,0.000188782,0.00678231,0.0139177,0.000133491,0.00795776,0.0078916,0.000158541,0.00591096,0.0129271,0.000126375,0.00804612,0.00811832,0.000160435,0.00565546,0.0126688,0.000137948,0.00874688,0.0086747,0.000147141,0.00547242,0.0123068,0.000153819,0.00963116,0.0094519,0.000155778,0.00521631,0.0119391,0.000231672
75,0.002,2.44713,0.00984324,0.0176592,0.000509961,0.0175893,0.0265883,0.000300056,0.00869977,0.0130805,0.000213788,0.0114919,0.0109563,0.000212757,0.00702811,0.0139999,0.000158354,0.00944538,0.00834011,0.000158282,0.0060262,0.0130934,0.000112894,0.00808549,0.00831717,0.000160779,0.00569869,0.0128769,0.000145759,0.0079919,0.00908184,0.000152687,0.00560827,0.0128747,0.000138913,0.00841861,0.00922056,0.000151925,0.00543596,0.0124576,0.000235775
76,0.002,2.4555,0.00978029,0.0181726,0.00057886,0.0175144,0.0285134,0.00028035,0.00842254,0.0125752,0.000199903,0.0104366,0.0109376,0.00017156,0.00644656,0.0131418,0.000129751,0.00837664,0.00805977,0.000139857,0.00575517,0.0120265,0.00011553,0.00780737,0.00840866,0.000139058,0.00547326,0.0117486,0.000151174,0.00790521,0.00910085,0.000139224,0.00552216,0.0119141,0.00016171,0.00830188,0.00982216,0.000143683,0.00525389,0.0116657,0.000211999
77,0.002,2.42811,0.00944495,0.0179428,0.000501402,0.0167898,0.0286804,0.000278095,0.00877435,0.0131471,0.000263155,0.0126363,0.0109808,0.000193998,0.00706578,0.0137988,0.000114491,0.0088495,0.00831387,0.0001525,0.00626773,0.012629,0.000110359,0.00839049,0.00861283,0.000141971,0.00579554,0.0121081,0.00014678,0.00857615,0.00910919,0.000142974,0.00581916,0.012181,0.000154948,0.0086471,0.00987394,0.000140546,0.0054471,0.0117931,0.000228754
78,0.002,2.44698,0.00951195,0.0181123,0.000460837,0.0165004,0.0289669,0.000293522,0.00877114,0.012799,0.000283426,0.0128358,0.0125303,0.000186599,0.00656978,0.0131979,0.000139124,0.0090503,0.00865659,0.000152897,0.00583226,0.0121038,0.000130208,0.00821562,0.00865053,0.000138258,0.00544152,0.0118018,0.00014663,0.0077305,0.00938128,0.000156116,0.00554102,0.0118722,0.000167487,0.00886617,0.0095955,0.000143997,0.00531915,0.0115808,0.000220918
79,0.002,2.44188,0.00950715,0.0179709,0.000421115,0.0165216,0.0276202,0.000269429,0.00858181,0.0121525,0.000277861,0.0131976,0.0110109,0.000163931,0.0062663,0.0125241,0.000130417,0.00866099,0.00886065,0.00013085,0.00548989,0.0114475,0.000118647,0.00780058,0.00807532,0.000137115,0.00522745,0.0111427,0.000128644,0.0072349,0.00874123,0.000125437,0.00498246,0.0108693,0.000127426,0.00801476,0.00881005,0.000122042,0.00466287,0.0104087,0.000184949
80,0.002,2.42756,0.0100283,0.0189518,0.000399527,0.0179822,0.0277384,0.000268576,0.00875332,0.0127963,0.000178734,0.0109926,0.0110738,0.000155265,0.0064088,0.0131525,0.000143408,0.00834369,0.00959029,0.000130268,0.00574305,0.0121288,0.000117031,0.00808575,0.00883355,0.00014138,0.00552922,0.0119656,0.000134582,0.00861125,0.00948792,0.000154431,0.00562463,0.0117576,0.000128758,0.00842759,0.00976327,0.000157051,0.00565045,0.0115629,0.000202667
81,0.002,2.43156,0.0105856,0.0193766,0.000665083,0.021746,0.031517,0.000294541,0.00971367,0.0134064,0.000286229,0.0140705,0.0128918,0.00017936,0.00693682,0.0133345,0.000151375,0.00936298,0.0107805,0.000124988,0.00593812,0.0122875,0.000125293,0.00843808,0.00958756,0.000127589,0.00550458,0.0119495,0.000144076,0.00825203,0.0100983,0.000122169,0.00540397,0.0117979,0.000140631,0.00834274,0.010412,0.000123336,0.00510361,0.0115241,0.000222159
82,0.002,2.43078,0.0104955,0.0194147,0.000585946,0.0192687,0.0293868,0.00029118,0.00927881,0.0134118,0.000326781,0.0165492,0.0136242,0.000178953,0.00708239,0.0140756,0.000201766,0.0107008,0.0100493,0.000134274,0.00615855,0.0132455,0.000163189,0.0101802,0.0101731,0.000128294,0.00585848,0.013221,0.000190659,0.0100232,0.010982,0.000126674,0.00582654,0.013341,0.000243812,0.0111246,0.0114636,0.000135179,0.00573291,0.0135191,0.000251252
83,0.002,2.45733,0.0100123,0.019584,0.00054882,0.0179972,0.0282744,0.000285085,0.0090891,0.0131333,0.000218635,0.01337,0.0112804,0.000183147,0.0069486,0.0136747,0.000164858,0.00985338,0.00856069,0.000145015,0.00594815,0.0126694,0.000140672,0.00968624,0.00873252,0.000139394,0.00565474,0.0123809,0.000142795,0.00918026,0.00961723,0.000148862,0.00560294,0.0122411,0.000163062,0.00988069,0.0100003,0.000140425,0.00545948,0.0120076,0.000202768
84,0.002,2.4177,0.00979132,0.0193016,0.000451266,0.0175832,0.0266367,0.000268675,0.0089006,0.0130116,0.000246548,0.0136157,0.0115187,0.000183505,0.00698922,0.0137948,0.00018115,0.0102051,0.00882824,0.000137361,0.00581842,0.0126057,0.000148362,0.0099532,0.00867238,0.000122796,0.00553619,0.0122461,0.000148,0.00996549,0.00946649,0.000132758,0.00541604,0.0119738,0.000182363,0.0106827,0.00982316,0.000125396,0.00511665,0.0117176,0.000211757
85,0.002,2.43658,0.00965064,0.0190495,0.000396654,0.0171141,0.0275965,0.000280023,0.00908043,0.0133355,0.000271777,0.0137565,0.0111548,0.000200091,0.00719113,0.0144415,0.000169195,0.00962146,0.00859316,0.000142676,0.0060072,0.0131205,0.000157418,0.00934005,0.00857895,0.000131674,0.00563549,0.0126616,0.000183671,0.00979667,0.00987895,0.000129528,0.00543623,0.01233,0.000186392,0.00976498,0.0102812,0.000134486,0.00536346,0.0122073,0.000232633
86,0.002,2.42055,0.00913519,0.019582,0.000378845,0.0171493,0.0294682,0.000294565,0.00924079,0.0135096,0.000341184,0.0133679,0.0103031,0.000170172,0.00693468,0.0138078,0.000159451,0.00865444,0.00850492,0.000160912,0.00590853,0.0125826,0.000153602,0.00812951,0.00824031,0.000158021,0.00552156,0.0120685,0.000171509,0.00859137,0.00947707,0.000153849,0.00538359,0.0118877,0.000169263,0.00817468,0.00975564,0.000152562,0.00519629,0.0115153,0.000213365
87,0.002,2.43922,0.00927907,0.0199139,0.000351254,0.0165165,0.0307438,0.000273207,0.00929765,0.0135919,0.000344078,0.0147848,0.010904,0.000181912,0.00689521,0.0141193,0.000176359,0.00963157,0.0090041,0.00014682,0.00580456,0.0127608,0.000144401,0.00888128,0.00897284,0.000138533,0.00546376,0.0121681,0.000157206,0.00910316,0.00996466,0.000128543,0.0053035,0.0121143,0.000159365,0.00880471,0.0103513,0.000133979,0.00503235,0.0116313,0.000215638
88,0.002,2.40489,0.010108,0.020738,0.000378975,0.0168254,0.0304116,0.000290018,0.00929926,0.0137077,0.000311515,0.0139673,0.012421,0.00019403,0.00693014,0.01384,0.000148575,0.00915075,0.00996078,0.000149899,0.0058044,0.0125354,0.000129542,0.00925203,0.0094927,0.000154691,0.00557885,0.0122278,0.000142478,0.00925418,0.0106147,0.000153319,0.00552279,0.0124594,0.000151629,0.0085158,0.0103032,0.000153352,0.0052838,0.0121851,0.000241867
89,0.002,2.40526,0.0101823,0.0223903,0.000448877,0.018956,0.0304067,0.000328361,0.00966772,0.0145665,0.000258937,0.0149811,0.0122319,0.000191222,0.00750452,0.0145948,0.000168523,0.00997663,0.0103402,0.000182052,0.00645483,0.0134455,0.000177957,0.00956011,0.010472,0.000198382,0.00622413,0.0132684,0.000180289,0.0101271,0.0117702,0.000210566,0.00636078,0.0139194,0.000204166,0.0105682,0.0121994,0.00021863,0.00620933,0.0139673,0.000262554
90,0.002,2.4236,0.0102105,0.0225253,0.000463282,0.0185935,0.0306783,0.000300607,0.009693,0.0141097,0.000322145,0.0148689,0.014518,0.000198723,0.00762868,0.0141845,0.000271202,0.0114574,0.0115289,0.00016511,0.00649141,0.0131182,0.000186839,0.00947884,0.0107026,0.000156022,0.00617206,0.013005,0.000179714,0.00952062,0.0112825,0.000150546,0.00612364,0.0132872,0.000190135,0.010844,0.0115571,0.000137374,0.00585794,0.0133158,0.000215806
91,0.002,2.42398,0.00980417,0.0227195,0.000463585,0.0173778,0.0307099,0.000290772,0.00969523,0.0144337,0.000291607,0.0160868,0.0133955,0.000195317,0.00778127,0.0144793,0.000197602,0.0112162,0.0111343,0.000161785,0.00661269,0.0133422,0.000197561,0.0100122,0.0107311,0.000163006,0.00624869,0.0134202,0.000226547,0.0103145,0.0120626,0.000160273,0.00621616,0.0140686,0.000221848,0.0110926,0.0122153,0.000154671,0.00601067,0.0140746,0.000221762
92,0.002,2.39607,0.00952064,0.0222002,0.000489883,0.0168358,0.0310892,0.000303695,0.00959811,0.0140276,0.000332149,0.0150751,0.0141148,0.000179695,0.00732681,0.0137621,0.000208859,0.0107586,0.0107786,0.000157499,0.00621746,0.0126373,0.000170926,0.00927467,0.0104919,0.000144086,0.00584758,0.0125949,0.000169079,0.0103824,0.0117754,0.000143422,0.00566477,0.0128076,0.000167897,0.00996493,0.0114945,0.000144835,0.0053914,0.0127549,0.00023054
93,0.002,2.39122,0.00955604,0.0222457,0.000431607,0.0169284,0.0304497,0.000322805,0.00980856,0.0145703,0.000377888,0.0158608,0.0153936,0.000220315,0.00785735,0.0145219,0.000193962,0.0117033,0.0116231,0.000176021,0.00658709,0.0133253,0.000161663,0.00945253,0.0111439,0.000158714,0.00623017,0.0130283,0.000189193,0.0109105,0.0118707,0.000149388,0.0060553,0.0129692,0.000197462,0.0112035,0.0118359,0.00014968,0.00584553,0.0128274,0.000275237
94,0.002,2.38162,0.00982478,0.0220758,0.000437839,0.0169611,0.0314129,0.000317226,0.0101129,0.0155856,0.000334076,0.0142213,0.0154961,0.000209782,0.00833083,0.0158314,0.00019479,0.0121606,0.0120125,0.000170009,0.0070353,0.0145561,0.000186391,0.0107402,0.012134,0.000144303,0.0066012,0.0142166,0.00019681,0.0118694,0.0128015,0.000153544,0.00642866,0.0143876,0.000187551,0.0120827,0.0129217,0.000161695,0.00627709,0.0142082,0.000290131
95,0.002,2.38924,0.00983716,0.0226162,0.000445873,0.0175,0.0332813,0.000321029,0.00978503,0.0149833,0.000404869,0.0150832,0.0140004,0.000202495,0.00775366,0.0145949,0.000288476,0.0135795,0.0110547,0.000196528,0.00664019,0.0134192,0.000228253,0.0113161,0.011418,0.000173965,0.00623394,0.0131921,0.000194073,0.0124407,0.0123695,0.000178618,0.00604215,0.0132952,0.000188817,0.0117247,0.0126811,0.000177486,0.00605114,0.0130142,0.000260096
96,0.002,2.40596,0.00930692,0.0221299,0.000388487,0.0161553,0.0317005,0.000305201,0.00969932,0.0139487,0.000325453,0.0133383,0.0142424,0.000174172,0.00729334,0.0142811,0.00020433,0.0119333,0.0102099,0.000155343,0.00633538,0.0132701,0.000189682,0.010211,0.010654,0.000155329,0.00607445,0.0131362,0.000182733,0.0117676,0.0120755,0.000155488,0.00600585,0.0134855,0.000236223,0.0126404,0.012426,0.000154619,0.00590463,0.0134983,0.000245538
97,0.002,2.39545,0.00997921,0.0220311,0.000451475,0.0178642,0.0318591,0.000309044,0.0101827,0.0148428,0.000335724,0.0144883,0.0146991,0.000214407,0.00795236,0.0148478,0.000217417,0.0124178,0.0110639,0.000162139,0.00666303,0.0133627,0.000179926,0.0100393,0.0111533,0.000164348,0.00631595,0.0130732,0.000192357,0.0109793,0.0116039,0.000161331,0.00622325,0.0132538,0.000174995,0.0118483,0.0124933,0.000155111,0.00595902,0.0131129,0.000247405
98,0.002,2.39678,0.0102274,0.022412,0.00041082,0.0169501,0.0322788,0.000322927,0.0101226,0.0154421,0.000348194,0.013815,0.015248,0.000199125,0.00769146,0.0151804,0.000184453,0.0111322,0.0111154,0.000156842,0.00638866,0.0140027,0.000161708,0.0094837,0.010878,0.000157324,0.006188,0.013926,0.000171317,0.0110108,0.0115329,0.000162311,0.00614208,0.0139561,0.000173294,0.012533,0.0121364,0.000152937,0.00598261,0.013755,0.000268204
99,0.002,2.38819,0.0105664,0.0232778,0.000448441,0.0176672,0.033207,0.000323248,0.0103197,0.015354,0.000349084,0.0149276,0.0142074,0.000219778,0.00835042,0.0162097,0.000254014,0.0125132,0.0115688,0.00016476,0.0069317,0.0146081,0.000217723,0.0107832,0.0122284,0.000143363,0.00654411,0.0144727,0.000186443,0.0113536,0.0130218,0.000122295,0.00635198,0.014502,0.000205956,0.0120964,0.0135975,0.000120069,0.0059605,0.0145296,0.000265685
100,0.002,2.41123,0.0108792,0.0237103,0.000520593,0.018395,0.0349464,0.000348862,0.0114979,0.0170467,0.000393925,0.016874,0.0151032,0.000249097,0.00924074,0.0167389,0.000287437,0.014835,0.0133647,0.00018939,0.0079886,0.0153038,0.000266379,0.0134225,0.0139456,0.000172311,0.00756063,0.0153529,0.000269307,0.013828,0.0145588,0.000181082,0.00769052,0.0161634,0.000277979,0.0152908,0.0152993,0.00019558,0.00785964,0.0163763,0.000250208
101,0.002,2.3893,0.0100096,0.0240263,0.00042229,0.0173187,0.0338355,0.000371212,0.0107334,0.0156753,0.000404344,0.0166529,0.0145129,0.000229427,0.00869838,0.0166957,0.000415425,0.0157452,0.0131611,0.000218026,0.00774703,0.0151088,0.000384723,0.0170719,0.0143391,0.000198828,0.00742301,0.0152322,0.000260141,0.014954,0.0148124,0.000196866,0.00732719,0.0155989,0.000340726,0.0173812,0.0150903,0.000203101,0.00741633,0.0159281,0.000246855
102,0.002,2.36734,0.0102653,0.0231402,0.000411201,0.0170517,0.0342385,0.000356388,0.0107432,0.0164143,0.000350148,0.0159463,0.0158382,0.000208246,0.00875348,0.0168187,0.000255609,0.0150544,0.013032,0.000191962,0.00764104,0.0157011,0.000231409,0.0138887,0.0141893,0.000182995,0.00737646,0.0159631,0.000248127,0.0140684,0.0149698,0.000196255,0.00741666,0.0164047,0.000243584,0.0163036,0.0158788,0.000215545,0.00756958,0.0166997,0.000259466
103,0.002,2.38363,0.010357,0.0233738,0.000466933,0.0179413,0.0355562,0.000342781,0.0110773,0.0166001,0.000339982,0.0159191,0.0154829,0.000218457,0.00896912,0.0174121,0.000312072,0.015553,0.0130666,0.000183463,0.00785929,0.0162173,0.000264697,0.0139542,0.0135746,0.000186169,0.00757948,0.0164958,0.000265273,0.0145801,0.0147766,0.000219052,0.00782614,0.0170006,0.000264882,0.015794,0.0164345,0.000233836,0.00782849,0.0175708,0.00027587
104,0.002,2.36404,0.00989507,0.022689,0.000457204,0.017934,0.03647,0.000353506,0.0110342,0.0161321,0.000366997,0.0148485,0.0152718,0.000241119,0.00885579,0.0162648,0.000271818,0.012501,0.0121564,0.000181424,0.00745561,0.0150222,0.000261947,0.0128469,0.0128012,0.000170275,0.00721363,0.0148888,0.000232616,0.0134132,0.0138712,0.000172664,0.00717776,0.015304,0.000277991,0.0149399,0.0146678,0.000165082,0.0070527,0.0154514,0.000266821
105,0.002,2.35714,0.0100942,0.0227944,0.000457077,0.0174035,0.0366852,0.000377717,0.0114738,0.017195,0.000370249,0.0140982,0.0160224,0.000218301,0.00906745,0.0161363,0.000287979,0.0123182,0.0130551,0.00018009,0.00763475,0.0148305,0.000254578,0.0120274,0.01309,0.000186404,0.00752633,0.0148636,0.0002563,0.0127409,0.0144801,0.000195381,0.00768541,0.0154304,0.000255702,0.0139644,0.0146629,0.000187692,0.00758609,0.015575,0.000261954
106,0.002,2.351,0.00994904,0.022573,0.000460036,0.0167235,0.0335857,0.000310665,0.0105195,0.0151691,0.000300713,0.0133666,0.0160645,0.000177019,0.00798158,0.0153719,0.000221896,0.0113319,0.0122878,0.000153595,0.00697059,0.0143299,0.00020086,0.0104608,0.0130605,0.000154377,0.00684042,0.0146008,0.000238782,0.0117378,0.0147356,0.00017349,0.0070556,0.0149397,0.000255709,0.0147041,0.0146439,0.000167843,0.00687781,0.0150446,0.000261885
107,0.002,2.36859,0.0101274,0.0233032,0.000540918,0.0179357,0.0352619,0.000338803,0.0110859,0.015698,0.000282145,0.014461,0.0161391,0.000228633,0.00838484,0.016051,0.000246378,0.0120022,0.0129342,0.000156679,0.00683183,0.0146853,0.000206247,0.0113566,0.0136067,0.000145198,0.00643955,0.0148237,0.000229165,0.0127452,0.015066,0.000153644,0.00656639,0.0152027,0.000226311,0.0134739,0.0158859,0.000152468,0.00647693,0.0155007,0.000256515
108,0.002,2.32585,0.00982621,0.0243058,0.000616171,0.0178808,0.0347081,0.000359193,0.011038,0.0157545,0.000373937,0.0164772,0.0160766,0.000217089,0.00833703,0.0156333,0.000290848,0.0117756,0.0128999,0.000184253,0.00697515,0.0143286,0.000217559,0.0109521,0.0132495,0.000165085,0.00649992,0.0144044,0.00023074,0.0123599,0.014631,0.000173052,0.00674617,0.014611,0.00025078,0.0129573,0.0153478,0.000179804,0.00659502,0.0149659,0.000249291
109,0.002,2.35395,0.00923938,0.0239135,0.000550479,0.0174155,0.0357965,0.000369886,0.0107541,0.0147549,0.000404202,0.0159551,0.0153996,0.0001984,0.00814579,0.0144469,0.000268886,0.0120302,0.0126662,0.000192657,0.00683807,0.0131079,0.000209182,0.0110475,0.0130213,0.000165193,0.00637177,0.0131323,0.000245516,0.0121403,0.0136778,0.000159713,0.00633179,0.0131943,0.000250017,0.0121955,0.0142885,0.000158675,0.0060907,0.0135312,0.000234505
110,0.002,2.32826,0.00901268,0.024686,0.000525517,0.0173686,0.0364808,0.000351916,0.0107989,0.0146218,0.000350705,0.0139573,0.015253,0.00017902,0.00817188,0.0149582,0.00024805,0.0114007,0.0135158,0.000168492,0.00691932,0.0137034,0.000212185,0.0116221,0.0136722,0.000147495,0.00633312,0.0137807,0.000253309,0.0125697,0.0143149,0.000150768,0.0064219,0.0141549,0.000257649,0.0127406,0.0144778,0.000159366,0.00627498,0.0145255,0.000223381
111,0.002,2.28588,0.00948329,0.0256019,0.000555091,0.0174786,0.0355893,0.00034447,0.0112252,0.0157476,0.000391256,0.0168872,0.0149473,0.000215541,0.00871933,0.0157844,0.000304594,0.0126935,0.0134422,0.000194558,0.00737335,0.0141706,0.000204914,0.0107476,0.0135975,0.000175112,0.00695523,0.0142474,0.000209851,0.0123252,0.0142296,0.000180351,0.00685504,0.0148512,0.000226645,0.0118369,0.0140368,0.00016938,0.00662194,0.0149632,0.00027105
112,0.002,2.3092,0.00889398,0.0246992,0.000552019,0.0165918,0.0337125,0.000336751,0.0106963,0.0147943,0.00038712,0.0138808,0.0141352,0.000209616,0.00815295,0.015,0.000227368,0.0107356,0.0129458,0.000176852,0.00689444,0.0138219,0.00022683,0.0104336,0.0126741,0.000154516,0.00651958,0.0139531,0.000201437,0.0116436,0.0134256,0.000173577,0.00642494,0.0143919,0.00021644,0.0114962,0.0137899,0.000167714,0.00614804,0.0144621,0.000249993
113,0.002,2.31121,0.00854111,0.0248392,0.000563256,0.0162964,0.0327472,0.000342781,0.0106404,0.014813,0.000364946,0.0149519,0.014983,0.000213128,0.00824586,0.0146718,0.000286137,0.0122079,0.0136836,0.000169816,0.00682044,0.0134316,0.000219556,0.0115433,0.0125829,0.00014611,0.00642728,0.0135985,0.000242509,0.0129255,0.0135495,0.000168179,0.00634296,0.0141239,0.000295405,0.0139463,0.0142168,0.000175248,0.0064075,0.0146695,0.00023899
114,0.002,2.28506,0.00913879,0.025271,0.000622057,0.0175928,0.0368365,0.00037803,0.0114299,0.0154977,0.000404619,0.0152531,0.0162208,0.000214683,0.00870395,0.0154284,0.000284319,0.011463,0.0139783,0.00016858,0.00709041,0.0137685,0.000239158,0.0107098,0.0129818,0.000155117,0.00662786,0.0137346,0.000243417,0.0134052,0.0139984,0.000151954,0.00646105,0.0139707,0.000277378,0.0127351,0.0145816,0.000143404,0.00619711,0.0143166,0.000248259
115,0.002,2.27151,0.00892483,0.0244215,0.000541864,0.0171998,0.0374013,0.000342677,0.0111549,0.0149626,0.000381927,0.0144078,0.0153973,0.000208035,0.00843272,0.0150321,0.000296229,0.0135183,0.0133064,0.000163617,0.00688716,0.0133559,0.000226623,0.0129112,0.0129886,0.000144912,0.00634546,0.013113,0.000246588,0.0150611,0.0136545,0.000150269,0.00615313,0.0133521,0.000276362,0.0134315,0.0149695,0.000146728,0.00582715,0.0135757,0.000259539
116,0.002,2.2445,0.00926495,0.0256984,0.000609517,0.0169597,0.0375856,0.000347015,0.0115005,0.0152775,0.000345814,0.0149876,0.0162273,0.000211905,0.00849476,0.0149589,0.000245353,0.0120156,0.0140793,0.000174361,0.00700732,0.013541,0.000215103,0.0121037,0.0131362,0.000165594,0.00665988,0.0136623,0.000234307,0.0136633,0.0136267,0.000164902,0.00655769,0.0141152,0.00029476,0.013577,0.0137554,0.000187026,0.00655739,0.0144492,0.00028141
117,0.002,2.2551,0.00906393,0.0255288,0.000669128,0.0166682,0.0351478,0.000336912,0.0108827,0.0143409,0.000300332,0.0125821,0.0141773,0.000217846,0.00814292,0.014645,0.000236498,0.0110982,0.0120698,0.000161085,0.00670677,0.0129053,0.000195119,0.0101942,0.0119434,0.000161763,0.00640774,0.0128826,0.000195373,0.0113702,0.0129728,0.000161541,0.0063201,0.0131224,0.000206935,0.0116572,0.0130974,0.000164861,0.00621819,0.0132685,0.000277689
118,0.002,2.2574,0.00849256,0.0239406,0.000596736,0.0153569,0.0336686,0.000354616,0.0106444,0.0142895,0.0003415,0.0136467,0.014446,0.000231984,0.0080702,0.014296,0.000288449,0.0122731,0.0120195,0.000171807,0.00669072,0.012722,0.000254834,0.0115474,0.0113615,0.000160727,0.00631965,0.0126274,0.000230671,0.0122476,0.012432,0.000160938,0.00623145,0.0128017,0.000240902,0.0115743,0.0126858,0.000151901,0.0060183,0.0131862,0.000275817
119,0.002,2.26793,0.00904473,0.0244807,0.000619822,0.0166622,0.037846,0.000342655,0.0113743,0.0149922,0.00030287,0.0123845,0.0155734,0.000227413,0.00836316,0.0143961,0.000247816,0.0118629,0.0129685,0.000171207,0.0069912,0.0131316,0.000210977,0.0112309,0.0123763,0.000153119,0.00665282,0.0134264,0.000222291,0.0118507,0.0136311,0.000155911,0.00656865,0.0137913,0.000209008,0.010765,0.0130674,0.000135749,0.00629674,0.0140313,0.000288704
120,0.002,2.22463,0.00986509,0.0251316,0.000592657,0.016321,0.0376134,0.000348054,0.011746,0.0157204,0.000384233,0.0137558,0.0164959,0.000234634,0.00926,0.0166758,0.000262048,0.0124144,0.013547,0.0001811,0.00768155,0.0151471,0.000207367,0.0118435,0.0127362,0.000166749,0.00751598,0.015672,0.00024535,0.013657,0.0148032,0.000170802,0.00752999,0.0158523,0.000234423,0.012222,0.0144864,0.000185509,0.00745092,0.0160814,0.000295475
121,0.002,2.20742,0.00971125,0.0261881,0.000526976,0.0165541,0.0406041,0.000356448,0.0122714,0.015967,0.000369649,0.0134636,0.0159544,0.000211915,0.00916847,0.0161084,0.000238669,0.0115924,0.0138195,0.000173372,0.00760493,0.0145408,0.000204911,0.012638,0.0128611,0.000157109,0.00745297,0.0150714,0.000287951,0.0153679,0.0144173,0.000167439,0.00748233,0.0154373,0.000240185,0.0126466,0.0145898,0.000173965,0.00745005,0.0160213,0.000306578
122,0.002,2.21488,0.0101193,0.0255908,0.000559858,0.0166507,0.0421567,0.000365154,0.0127675,0.0167594,0.000357746,0.014049,0.0161576,0.000235766,0.00961062,0.0170307,0.000220893,0.0128768,0.0143268,0.000181471,0.00776139,0.0157435,0.000199801,0.0130129,0.0147213,0.000185538,0.00765852,0.0162593,0.000253108,0.013987,0.0154424,0.000193509,0.00760889,0.0166668,0.000243032,0.0124413,0.0149478,0.000188389,0.00753177,0.01709,0.000331312
123,0.002,2.17123,0.0102979,0.025515,0.000561275,0.0166654,0.0437886,0.000407137,0.013375,0.0177416,0.000324687,0.0131841,0.0162949,0.000255581,0.0101642,0.0184767,0.000295666,0.0138138,0.0152081,0.000221391,0.00847677,0.0164978,0.000275771,0.0138011,0.0155151,0.000225306,0.00849529,0.0169393,0.000307102,0.0162411,0.0166806,0.000223832,0.00815149,0.017031,0.000217857,0.0133438,0.0161534,0.000206977,0.00784492,0.0174757,0.000390747
124,0.002,2.21263,0.00963343,0.0246166,0.000564283,0.0166345,0.0417505,0.000400741,0.0126291,0.0164112,0.000371994,0.0129381,0.0154253,0.000212946,0.00914285,0.0158422,0.000311589,0.0123297,0.0130948,0.000181168,0.00742529,0.0143248,0.000272585,0.0127359,0.013913,0.000175355,0.00711649,0.0144419,0.000253582,0.014349,0.01478,0.00017897,0.00704385,0.0149245,0.000215434,0.0126393,0.0150193,0.000170307,0.00687467,0.0152213,0.000318574
125,0.002,2.17908,0.00897768,0.0233742,0.000533422,0.0156499,0.0386217,0.000393228,0.0121444,0.0156465,0.000324054,0.0125841,0.014905,0.000235346,0.00915185,0.0150874,0.000266365,0.0131486,0.0133558,0.000184333,0.00741551,0.0135786,0.00023505,0.0131497,0.0142168,0.000184356,0.00717231,0.0138245,0.000283844,0.0147702,0.0149807,0.000176913,0.00708363,0.0146971,0.000232307,0.0135798,0.015365,0.000159965,0.00680637,0.01475,0.000324289
126,0.002,2.166,0.00974077,0.0233018,0.000505508,0.017058,0.0462564,0.000437856,0.0141188,0.0183994,0.000327707,0.0138394,0.0185063,0.000313473,0.0109711,0.0186164,0.000294163,0.0139472,0.0153138,0.000248219,0.00908837,0.0174034,0.000235311,0.0134966,0.0159984,0.000237471,0.00885103,0.0178158,0.000309173,0.0152116,0.0174651,0.000210332,0.00864633,0.0186765,0.000290333,0.0143175,0.0193985,0.00020669,0.00833367,0.0188651,0.000386753
127,0.002,2.1587,0.00996209,0.0224714,0.000497191,0.0168026,0.0456191,0.00044005,0.0139083,0.0182381,0.000318863,0.0134195,0.0180729,0.000343765,0.0110989,0.0185247,0.000271441,0.0129265,0.0143372,0.000240583,0.00905074,0.0168686,0.000251305,0.0134144,0.0148373,0.000228333,0.00862997,0.0171922,0.000312948,0.0148862,0.0174678,0.000225249,0.00874435,0.0183624,0.000257517,0.0143212,0.0195332,0.000220914,0.00834061,0.0187098,0.000362163
128,0.002,2.17068,0.00921071,0.0214471,0.000412947,0.0155493,0.0434776,0.000424075,0.0130723,0.0170666,0.000347913,0.0130729,0.0170217,0.000321423,0.01053,0.0169102,0.00033213,0.0134107,0.0148436,0.00022159,0.00839374,0.0149714,0.000275638,0.0130317,0.0144759,0.000202238,0.00810396,0.0154957,0.000305772,0.0146039,0.016892,0.000207852,0.0082448,0.01649,0.000286951,0.0136673,0.0178565,0.000203688,0.00784375,0.0169328,0.000321111
129,0.002,2.17442,0.010026,0.0210247,0.000380547,0.0159352,0.0458289,0.000434354,0.0140788,0.0189775,0.000388113,0.0138962,0.0169772,0.000300092,0.0116436,0.0201306,0.000398906,0.014668,0.015847,0.000235471,0.00947919,0.0183528,0.000292107,0.0147919,0.0173634,0.000226982,0.00888362,0.0189428,0.000352221,0.0156708,0.0196635,0.000214209,0.00892733,0.0195545,0.000317662,0.0152209,0.021144,0.000207919,0.00863518,0.0201989,0.000371292
130,0.002,2.1642,0.0104291,0.020563,0.000379886,0.0164076,0.0482106,0.000456113,0.0144818,0.019583,0.000380733,0.0156806,0.0189937,0.000338081,0.0119118,0.0216021,0.000392503,0.0176946,0.0171364,0.000253317,0.0100608,0.0202268,0.000380623,0.0189975,0.018526,0.000245345,0.00986593,0.0206702,0.000412098,0.0198346,0.0209522,0.000250507,0.00981144,0.0212334,0.000339075,0.0177648,0.0214718,0.000261036,0.0100501,0.0221534,0.000399073
131,0.002,2.14822,0.00995188,0.0204089,0.000403932,0.0157004,0.0461624,0.000460874,0.0144219,0.0192336,0.000465833,0.0147843,0.020198,0.000297891,0.0118155,0.0196924,0.000390256,0.0151405,0.0183633,0.000259569,0.00978843,0.0182519,0.000418954,0.0165363,0.0186484,0.000247493,0.0092922,0.0188028,0.000398902,0.0174082,0.0208535,0.000252092,0.00922274,0.0196861,0.000344618,0.0165343,0.0208106,0.000231732,0.00909167,0.0199927,0.000326376
132,0.002,2.1398,0.00964494,0.0202365,0.000324114,0.0155379,0.0462816,0.000417299,0.0146784,0.019308,0.00042762,0.0140093,0.020102,0.000288497,0.0117342,0.019382,0.00033218,0.0152501,0.0189884,0.000239055,0.00977637,0.0183254,0.000400587,0.0157757,0.0189913,0.000241676,0.00941967,0.0191779,0.000429105,0.0184042,0.0206338,0.000240443,0.00937115,0.0199857,0.00033826,0.0161851,0.0213247,0.000217767,0.00916488,0.0203565,0.00027476
133,0.002,2.13904,0.0102488,0.0201953,0.000358755,0.0157603,0.0449522,0.000402867,0.0144919,0.0199378,0.00041443,0.0146026,0.0205053,0.000305707,0.0118523,0.019506,0.000301754,0.0146873,0.0175042,0.000245321,0.00985215,0.0177289,0.000337155,0.0162107,0.017788,0.000239013,0.00950001,0.0188634,0.0003592,0.0166893,0.0208524,0.000233696,0.0094544,0.0195297,0.000294235,0.016348,0.0207931,0.000212465,0.00929934,0.0198951,0.000257497
134,0.002,2.10856,0.0102623,0.0197811,0.000317692,0.0154421,0.044048,0.00044134,0.0143493,0.0194597,0.00039361,0.0141364,0.0196484,0.000313562,0.0117433,0.0203372,0.0002956,0.0139034,0.0175025,0.000262109,0.0100556,0.0192892,0.000326698,0.0151314,0.0184318,0.000260662,0.00990691,0.0200065,0.000391042,0.0161787,0.0207766,0.000274889,0.0100523,0.0208118,0.00029969,0.0161777,0.0213381,0.000243758,0.00989717,0.0206961,0.000328152
135,0.002,2.10742,0.01042,0.019533,0.000334366,0.015276,0.0426838,0.000433545,0.014114,0.0182705,0.000397754,0.0136676,0.019491,0.000301913,0.0115377,0.0190354,0.00033436,0.0130875,0.0174678,0.000230502,0.00964095,0.0170583,0.000402563,0.0153227,0.0182928,0.000229719,0.00936002,0.0179547,0.000408456,0.0158726,0.0197897,0.000261416,0.00956723,0.0186261,0.000344963,0.0153271,0.0203232,0.000275438,0.0096446,0.0189148,0.000350628
136,0.002,2.11233,0.0102828,0.0189214,0.000331273,0.0150261,0.0419284,0.000438544,0.0142594,0.0189178,0.000409212,0.0141889,0.0187125,0.000311521,0.0119175,0.0197087,0.000313232,0.0128078,0.0178412,0.000234482,0.00987083,0.0179434,0.000338766,0.0142683,0.0178207,0.000238113,0.00959957,0.0186749,0.000364348,0.0165399,0.0192857,0.000236527,0.00983605,0.0195313,0.000297731,0.0151518,0.020902,0.000231039,0.00961745,0.0197175,0.000333275
137,0.002,2.09433,0.0103715,0.0187071,0.000319921,0.0153052,0.043261,0.000455835,0.0144711,0.0192623,0.000370229,0.0131697,0.0177421,0.000309989,0.0117866,0.0190586,0.000263319,0.0123116,0.0175017,0.000240853,0.00950414,0.0173473,0.000333482,0.0141072,0.0175946,0.000241346,0.00946965,0.0180874,0.000368538,0.0163807,0.0190392,0.000223551,0.009844,0.0194673,0.000303853,0.0157383,0.020421,0.000222412,0.00972318,0.0197437,0.000379334
138,0.002,2.09342,0.009737,0.018126,0.000317136,0.0146941,0.0404658,0.000432162,0.0137559,0.0179823,0.000343192,0.0121973,0.0177326,0.000303428,0.0111278,0.0181773,0.000253863,0.0127763,0.0170756,0.00023209,0.00924509,0.0170868,0.000275038,0.0129353,0.016883,0.000234747,0.00927583,0.0180931,0.000323844,0.0144299,0.0194254,0.000234362,0.00940523,0.0188299,0.000281633,0.0157257,0.0196695,0.000226398,0.00917524,0.0189896,0.000395632
139,0.002,2.08926,0.00970498,0.0178603,0.000344304,0.0147911,0.0424319,0.00043049,0.0144274,0.0189312,0.000352136,0.0127402,0.018093,0.000306382,0.0116221,0.019226,0.000273542,0.0136211,0.0170774,0.000234049,0.00964163,0.0176895,0.000321133,0.0129608,0.0182249,0.000245903,0.00953631,0.0186791,0.000334398,0.0156537,0.0200727,0.000251193,0.00963563,0.0194435,0.00031187,0.0151128,0.0216214,0.000238085,0.00939671,0.0197403,0.000372803
140,0.002,2.06618,0.0098633,0.0175055,0.000324049,0.015119,0.0405918,0.000423312,0.0139191,0.0185126,0.000336634,0.0120778,0.0182081,0.000274267,0.0113571,0.0192064,0.000253039,0.0132166,0.0176628,0.000221892,0.00932266,0.0171454,0.000308322,0.0142143,0.0178824,0.000229057,0.00922247,0.0180083,0.000295562,0.0160418,0.0195988,0.00023328,0.00935536,0.0189795,0.000305014,0.0144059,0.0220127,0.00022278,0.0092843,0.0194376,0.000366815
141,0.002,2.04199,0.0099784,0.017391,0.000311101,0.0147559,0.0397542,0.000431319,0.0138711,0.0184761,0.000340484,0.0117528,0.0180078,0.000296992,0.0114029,0.0191517,0.000354221,0.0148002,0.0168654,0.000235016,0.0092313,0.0173595,0.000337643,0.0147548,0.0178746,0.000244072,0.00914576,0.0182648,0.000353832,0.0157113,0.0207048,0.000248149,0.0093294,0.0193562,0.000300962,0.0147167,0.0212533,0.000236942,0.0094032,0.0199006,0.00040112
142,0.002,2.07172,0.0099365,0.0174001,0.000364279,0.0149828,0.0399596,0.000403148,0.013804,0.01816,0.000320367,0.0117304,0.0174947,0.000302655,0.0115956,0.0197267,0.000289994,0.0134487,0.0171632,0.000246157,0.00952285,0.0175831,0.00030922,0.0145553,0.017241,0.000255899,0.00934263,0.0182783,0.00034473,0.015706,0.0198901,0.000264725,0.00956379,0.0190934,0.000267476,0.0144215,0.0206575,0.000268176,0.00952764,0.019336,0.000386941
143,0.002,2.06406,0.00954763,0.0174711,0.000335875,0.0146321,0.0384847,0.000394431,0.0135808,0.0180224,0.000349212,0.0115765,0.0172144,0.000257829,0.0111742,0.0180609,0.000301341,0.0131086,0.0173596,0.000227641,0.00917288,0.0164522,0.000306913,0.0139283,0.0172605,0.000261829,0.00923531,0.0173251,0.000313737,0.0152897,0.0196474,0.000261722,0.00941783,0.01827,0.000267142,0.0139034,0.0191746,0.000243722,0.0091902,0.0184777,0.000347337
144,0.002,2.04784,0.00933918,0.0175255,0.000338407,0.0149483,0.0389939,0.000408751,0.0137774,0.0179199,0.000358029,0.0123354,0.0177209,0.000297506,0.0116015,0.0189146,0.000282084,0.013413,0.0169135,0.000235485,0.00934199,0.0166029,0.00026021,0.0132889,0.0174193,0.000237858,0.00924434,0.0176852,0.000316076,0.0153928,0.0194158,0.000252822,0.0094029,0.0183855,0.000258414,0.013649,0.0194874,0.000245521,0.00927024,0.0188172,0.00035701
145,0.002,2.07019,0.00947019,0.0172163,0.000342549,0.0147174,0.0392146,0.00040048,0.0139234,0.0179446,0.000273451,0.0118752,0.0178295,0.000301775,0.0117254,0.0189603,0.000289259,0.014442,0.01724,0.000247611,0.00952899,0.0170282,0.000259803,0.0139169,0.0179649,0.000245628,0.00956084,0.0180784,0.000300039,0.0143,0.0196497,0.000272002,0.00977525,0.0187212,0.000312382,0.0153387,0.0205224,0.000247278,0.00958315,0.0192621,0.000344317
146,0.002,2.03622,0.0094524,0.0170004,0.000358849,0.014498,0.0382141,0.000408259,0.0140313,0.0178634,0.000279341,0.011785,0.0185186,0.000309755,0.0120212,0.0198792,0.000305974,0.014115,0.0182598,0.000234788,0.00957017,0.0175143,0.000287841,0.0134015,0.0175407,0.000244955,0.00988028,0.018799,0.000341292,0.0157202,0.0202499,0.000261389,0.00998958,0.019529,0.000309822,0.0137976,0.0209792,0.000232872,0.00959678,0.0200733,0.000343689
147,0.002,2.01642,0.009482,0.0170515,0.00035838,0.0145251,0.0387508,0.000423314,0.014338,0.0185178,0.000353613,0.0121203,0.0186846,0.000312863,0.0121248,0.0208154,0.000345001,0.0149911,0.0188123,0.000262488,0.0101908,0.0181877,0.000298715,0.0139954,0.0183984,0.000260497,0.0103283,0.0196698,0.000317773,0.0151347,0.020855,0.000272767,0.0105476,0.0208275,0.000295626,0.0132675,0.022191,0.00025908,0.0100762,0.0210826,0.000378509
148,0.002,1.99708,0.00948616,0.017073,0.000359654,0.0144085,0.0389541,0.000421539,0.0143209,0.0184112,0.000342676,0.0123277,0.0179656,0.000285877,0.0117987,0.0201205,0.000338687,0.0141999,0.01914,0.000252797,0.00976316,0.0178821,0.000284469,0.0139587,0.0187538,0.000268543,0.00999335,0.019305,0.000307221,0.0143609,0.0205117,0.000264542,0.0104853,0.0205697,0.000289884,0.0131808,0.0218483,0.000279472,0.0102345,0.0210824,0.000368394
149,0.002,2.01499,0.00955958,0.017064,0.000347734,0.014968,0.0400524,0.000431068,0.0148408,0.0200121,0.000288666,0.0123471,0.0193355,0.000340149,0.0129307,0.0218245,0.000294873,0.0146489,0.0196291,0.000284408,0.0108394,0.0196316,0.000305968,0.0149161,0.0195533,0.000323507,0.0110501,0.0207736,0.000316258,0.0154691,0.0212506,0.000307038,0.0111289,0.0219933,0.000328367,0.0141664,0.0230133,0.000302948,0.0111806,0.0225573,0.00036299
150,0.002,2.03301,0.00928868,0.0169373,0.000361887,0.0146594,0.039223,0.000415308,0.0140847,0.0182701,0.000314066,0.0113471,0.017863,0.000310928,0.0116575,0.0196398,0.000305812,0.0142321,0.0184793,0.000229405,0.00957454,0.0183159,0.000312531,0.0138685,0.0184842,0.00025738,0.00988748,0.0196229,0.000317881,0.015882,0.020455,0.000275858,0.0102359,0.0209618,0.000276789,0.0139806,0.0225902,0.000249406,0.0101103,0.0215124,0.000351402
151,0.002,1.99567,0.00931719,0.0169824,0.000359666,0.0152026,0.0407107,0.000453069,0.0148781,0.0198459,0.000393023,0.013164,0.0198115,0.000288164,0.0123345,0.0203114,0.000376342,0.0159706,0.0213471,0.00024521,0.0103004,0.0186831,0.000408706,0.0168647,0.0201424,0.000240577,0.0104533,0.0201273,0.0003242,0.0167446,0.0229235,0.000276628,0.0109121,0.0219127,0.000337223,0.0167421,0.0225238,0.00027035,0.0110067,0.0227673,0.000364325
152,0.002,2.02144,0.00944029,0.0169699,0.000371913,0.014801,0.0399107,0.000451833,0.0147238,0.0196364,0.000404769,0.0136568,0.0203718,0.000331609,0.0125342,0.0208863,0.000343081,0.0157533,0.0210024,0.000269192,0.0103133,0.0190163,0.000374831,0.0154455,0.019679,0.0002759,0.0103526,0.0202893,0.000353531,0.0175732,0.0233916,0.000293437,0.0110026,0.0217954,0.000361946,0.0161676,0.0221033,0.000316334,0.0112738,0.0228129,0.000361536
153,0.002,2.0175,0.0098113,0.0169991,0.000432888,0.0150801,0.0398581,0.000443427,0.0148903,0.0201718,0.000306936,0.0134187,0.0203083,0.000290853,0.0126809,0.0208472,0.000316488,0.0157006,0.0222522,0.000255705,0.0108928,0.0196008,0.000393449,0.017104,0.0209368,0.000284436,0.0110233,0.0210952,0.000415732,0.018718,0.0243063,0.000317551,0.0115056,0.0224845,0.000304273,0.0151331,0.0245084,0.000307773,0.0114567,0.0229259,0.000329141
154,0.002,2.01166,0.00975827,0.0165491,0.000467533,0.0148085,0.0392561,0.000431995,0.0149659,0.020068,0.000395733,0.0131945,0.0204406,0.000330985,0.012943,0.0214239,0.000408916,0.016373,0.0236704,0.000271571,0.010777,0.0209093,0.000453569,0.0168482,0.0227011,0.00030067,0.0110985,0.0231124,0.000440063,0.0187483,0.0264851,0.000314375,0.0116786,0.024818,0.000449883,0.0177918,0.0283538,0.000294436,0.0116603,0.0265076,0.000353815
155,0.002,2.00625,0.00965368,0.0161092,0.000391368,0.0146422,0.0373389,0.000415765,0.0140848,0.019288,0.000352135,0.0124122,0.0201014,0.000307246,0.0126493,0.0213311,0.000362275,0.0161336,0.0222969,0.000250419,0.0109652,0.0197985,0.000364937,0.0155831,0.0212482,0.000279409,0.0113273,0.0210666,0.000421327,0.0179402,0.0244709,0.000305727,0.0118104,0.0221311,0.000394054,0.016235,0.0257822,0.000319923,0.0118256,0.0228097,0.000308212
156,0.002,1.96574,0.00954955,0.0160346,0.000389057,0.0143416,0.0367124,0.000419113,0.0140892,0.0189459,0.000342576,0.0114058,0.0196917,0.000336413,0.012361,0.0207665,0.000330358,0.0151688,0.0204822,0.000263118,0.0106992,0.0192422,0.000363535,0.0150407,0.0204694,0.000277873,0.0110197,0.0208053,0.000464336,0.0181515,0.0241372,0.000302278,0.0116351,0.0219132,0.000356425,0.0145213,0.0249009,0.000302955,0.0116547,0.0226359,0.000334799
157,0.002,1.96187,0.00967408,0.0159874,0.000413137,0.0143728,0.0361807,0.000416682,0.013908,0.0190999,0.000335791,0.011618,0.0195928,0.000371396,0.012156,0.0204411,0.000341391,0.0147739,0.0217706,0.000278624,0.010492,0.0193127,0.000391061,0.0142993,0.0211855,0.000291525,0.0108122,0.0209336,0.000443957,0.0165243,0.0243485,0.000307321,0.0114462,0.0220869,0.000324782,0.0138807,0.0237953,0.00030566,0.011566,0.0229076,0.000346244
158,0.002,2.00618,0.00944386,0.0159513,0.00039155,0.0146743,0.0374123,0.00040994,0.0143095,0.019197,0.000278767,0.0122396,0.0201318,0.000339622,0.012266,0.0202451,0.000331259,0.0156699,0.0223772,0.000278102,0.0102979,0.0193034,0.000396118,0.0147611,0.0221169,0.000284661,0.010546,0.0214456,0.000459006,0.0170168,0.0253483,0.000290021,0.011159,0.0225492,0.000378798,0.0143624,0.0265961,0.000292963,0.0111241,0.0240786,0.000348868
159,0.002,1.94937,0.0091075,0.0158695,0.000376672,0.0146245,0.0393853,0.000455703,0.0143963,0.0190519,0.000327976,0.0117392,0.0194157,0.000307522,0.0123475,0.0197421,0.000326114,0.0150863,0.0223654,0.000256399,0.0101696,0.0184935,0.000400285,0.0145161,0.0202446,0.000274268,0.0104439,0.020071,0.000420806,0.0166843,0.0239642,0.000276922,0.0108877,0.0209063,0.000322688,0.0144587,0.0237597,0.000290416,0.0110116,0.0215903,0.000349182
160,0.002,1.94013,0.00931063,0.0158343,0.000352197,0.0144211,0.0395479,0.000478666,0.0147289,0.0193075,0.000283177,0.011732,0.0202622,0.000321292,0.0127971,0.0214841,0.00034923,0.0150531,0.0224429,0.000271101,0.0105299,0.0191798,0.000400984,0.014798,0.0212842,0.000295048,0.0107161,0.0208642,0.000408968,0.0169893,0.0227596,0.000289412,0.0110852,0.0216959,0.000311957,0.0144575,0.0244581,0.000287965,0.0109494,0.0221579,0.000348606
161,0.002,1.97065,0.00963881,0.0163669,0.00038821,0.0146474,0.0375032,0.00042406,0.0141809,0.0190489,0.000263926,0.0120363,0.0206058,0.000317853,0.0125301,0.0207621,0.000355154,0.0154945,0.0232843,0.000272864,0.0105106,0.0190225,0.000352455,0.0144752,0.0234698,0.000310116,0.0109832,0.0207065,0.000431414,0.0170667,0.0239535,0.00027288,0.0110078,0.0220013,0.000338568,0.0147303,0.024898,0.000280257,0.0113189,0.0228184,0.000297551
162,0.002,1.92834,0.00957096,0.0160981,0.000443595,0.0144681,0.037862,0.000423485,0.0145306,0.0195729,0.000333971,0.0120547,0.0213767,0.000355153,0.0127779,0.0204692,0.000321124,0.0152804,0.0223571,0.000296188,0.0105753,0.0191118,0.000321765,0.0142922,0.0235143,0.000336003,0.0108936,0.0206276,0.000429474,0.0175835,0.0232699,0.00027867,0.0108876,0.021626,0.000320686,0.0149168,0.0236241,0.000254626,0.0109247,0.0226376,0.000313774
163,0.002,1.9402,0.00921758,0.0156499,0.000431852,0.0144668,0.0378987,0.00043899,0.0143792,0.018675,0.000304458,0.0117989,0.020465,0.000332166,0.0122849,0.0195965,0.000307738,0.0151929,0.0212593,0.000296987,0.01034,0.0183189,0.000370876,0.0140297,0.0202026,0.000332688,0.0106028,0.0193948,0.000413127,0.0161834,0.0221654,0.000294147,0.0105812,0.0200632,0.000284424,0.0139723,0.022316,0.000291652,0.0106512,0.0209818,0.000317128
164,0.002,1.90405,0.00946362,0.015637,0.000422592,0.014716,0.0379206,0.000453051,0.0144703,0.019316,0.000280501,0.0121513,0.0212408,0.000358838,0.0127756,0.0199727,0.000343298,0.0157294,0.022443,0.000330013,0.0110087,0.0195291,0.000396718,0.0144181,0.0217687,0.000349835,0.0116423,0.0209374,0.000406914,0.0164062,0.0245869,0.000344114,0.011662,0.0220036,0.000302342,0.0143548,0.0242687,0.000344501,0.0116933,0.0230909,0.00034641
165,0.002,1.91876,0.00925977,0.0157279,0.000443354,0.0146714,0.0376925,0.000415115,0.0143272,0.0187798,0.000297378,0.0129715,0.0205514,0.000401755,0.0129224,0.0197088,0.000314975,0.016672,0.0230218,0.000382188,0.0107566,0.0188155,0.000321449,0.0141485,0.0215022,0.000345882,0.0110541,0.0201973,0.000392769,0.0162971,0.0236796,0.000339155,0.0110691,0.020959,0.000338097,0.0154574,0.0230272,0.000297428,0.0111912,0.0218248,0.000313354
166,0.002,1.93315,0.00961403,0.016155,0.000428793,0.0151811,0.0402219,0.000462209,0.0156655,0.0214256,0.000362748,0.013926,0.0242813,0.000372455,0.0138331,0.0214505,0.000345466,0.0162109,0.0257217,0.000318924,0.0112999,0.0197372,0.000386105,0.0152021,0.0225451,0.000315878,0.0115202,0.0211765,0.000405313,0.0173548,0.0257191,0.000291147,0.0114508,0.0217958,0.000329237,0.01566,0.0241739,0.000283503,0.0116909,0.0225327,0.00028115
167,0.002,1.92883,0.00981259,0.015779,0.000450056,0.0147762,0.0388687,0.000450167,0.0149767,0.0209343,0.00038091,0.0131756,0.0245303,0.00034581,0.0137334,0.0219341,0.000398678,0.0165129,0.0264336,0.000345436,0.0119119,0.0212476,0.000396448,0.015573,0.0229375,0.000343064,0.0122548,0.023087,0.000384815,0.0178691,0.0266921,0.000334671,0.0124759,0.0237386,0.000312835,0.0157066,0.0257625,0.000340166,0.0128098,0.0247454,0.000301992
168,0.002,1.91851,0.00942999,0.0156841,0.000464741,0.0144627,0.0381727,0.000443667,0.0146967,0.0203284,0.000355373,0.0129825,0.0250403,0.000399335,0.0134638,0.0219129,0.000341956,0.0176492,0.0258238,0.000400496,0.0118222,0.0213421,0.00035982,0.0154588,0.0238716,0.000393128,0.0120764,0.0231999,0.00047769,0.0188401,0.0262975,0.00035668,0.0124382,0.0239685,0.000367951,0.0163933,0.0249041,0.000343231,0.0126361,0.0254067,0.000277194
169,0.002,1.90629,0.00950396,0.0156059,0.000414799,0.0146748,0.0381795,0.000451514,0.0148634,0.0202128,0.00032993,0.013315,0.0239245,0.000355594,0.0131045,0.0214382,0.000376715,0.0174439,0.0256813,0.000325826,0.0113966,0.0210322,0.000431714,0.0153062,0.0257668,0.000323325,0.0118104,0.0230274,0.000503781,0.0181273,0.0280716,0.000334598,0.0123183,0.0245837,0.00036368,0.0161206,0.0265637,0.000350963,0.0125303,0.0254955,0.00028565
170,0.002,1.94818,0.0090479,0.015388,0.00042454,0.0142125,0.0378252,0.000456816,0.01461,0.0194941,0.000368974,0.012346,0.0229475,0.00032434,0.0127201,0.020403,0.000453978,0.0164429,0.0261674,0.000318715,0.0110175,0.0199194,0.000411815,0.0151838,0.0241534,0.000317393,0.0114343,0.0217113,0.00050073,0.018038,0.0264524,0.000334055,0.0118371,0.0228738,0.00038047,0.0157451,0.0261589,0.000358129,0.0123162,0.0240901,0.000268119
171,0.002,1.94166,0.00891988,0.015282,0.000480578,0.014234,0.0377687,0.00046007,0.0147432,0.0197708,0.000398902,0.0127058,0.0231644,0.000347216,0.0130971,0.0212347,0.000448154,0.0168649,0.0269349,0.000340511,0.0113914,0.020747,0.000399519,0.016026,0.0249301,0.000359751,0.0118617,0.0228125,0.00053283,0.018477,0.0262343,0.000319806,0.0122441,0.0236306,0.000391526,0.0157173,0.0268529,0.000312605,0.0123994,0.0249967,0.000282465
172,0.002,1.91214,0.00887507,0.0151193,0.000490947,0.0140102,0.0375474,0.000464794,0.0145419,0.0196104,0.000365801,0.0124753,0.0229383,0.000339942,0.0129272,0.0207689,0.000405628,0.0162345,0.0249693,0.000298717,0.011006,0.0202366,0.000395503,0.0149632,0.0243929,0.000311479,0.0112883,0.0220245,0.000458476,0.0173024,0.0261497,0.000306282,0.0117608,0.0227184,0.000355242,0.0147994,0.0262,0.000295189,0.0116908,0.0231284,0.000263682
173,0.002,1.88546,0.00866083,0.0150693,0.000440508,0.0136013,0.036437,0.000443951,0.0143139,0.0193839,0.000360427,0.0119695,0.0226685,0.000345743,0.0131293,0.0205675,0.000395202,0.0152797,0.0246898,0.000304883,0.0112363,0.0204964,0.00041684,0.0149328,0.0240225,0.00030243,0.0115651,0.0217771,0.00044148,0.0174059,0.0267209,0.000301044,0.0120452,0.0228176,0.000360403,0.015185,0.025883,0.000296231,0.0120581,0.0232244,0.000267026
174,0.002,1.88683,0.00902975,0.015307,0.000447803,0.0142047,0.0379537,0.000441981,0.0145402,0.0193623,0.000353973,0.0117092,0.0221742,0.000381027,0.013051,0.0203387,0.000420395,0.0147754,0.0249402,0.000339388,0.0112759,0.0199815,0.000350154,0.0144455,0.0232927,0.000332856,0.0115975,0.0208149,0.000432116,0.0162154,0.0246772,0.000341733,0.0118041,0.0215027,0.000366525,0.0146533,0.0250933,0.000305456,0.0117823,0.0219772,0.000265894
175,0.002,1.89069,0.0092471,0.0152269,0.000418133,0.0143568,0.0365953,0.000441918,0.0142159,0.0191397,0.000331874,0.0117294,0.02277,0.000354016,0.0125678,0.019657,0.00040407,0.0154766,0.0246708,0.000342604,0.0109068,0.0193856,0.000315482,0.0142992,0.0233071,0.000366745,0.0115828,0.0208807,0.000450468,0.016762,0.02443,0.0003331,0.0116252,0.0216655,0.000377725,0.0149162,0.0251551,0.000296438,0.0117263,0.0223953,0.000254953
176,0.002,1.86536,0.00892537,0.01517,0.000425971,0.0142849,0.0369036,0.000447933,0.0143546,0.0195085,0.00034225,0.0114352,0.0217987,0.000335446,0.0126419,0.0195563,0.000401973,0.0157388,0.023979,0.000333755,0.0107455,0.0187207,0.000314653,0.0144498,0.0227146,0.00034183,0.0113032,0.0202772,0.000482682,0.0170236,0.0248173,0.000323127,0.0113412,0.0210107,0.000353864,0.0149315,0.0245661,0.000294457,0.0114206,0.021598,0.000247824
177,0.002,1.86835,0.008795,0.0149312,0.000438509,0.0141604,0.0363002,0.000430411,0.0141906,0.0193622,0.000340964,0.0111794,0.0209264,0.000335843,0.0125381,0.0195896,0.000398195,0.016907,0.0233583,0.000308663,0.0107707,0.0190926,0.000361473,0.0160601,0.0228046,0.000323184,0.0112499,0.0207993,0.000495921,0.0167122,0.0253576,0.000315098,0.0114604,0.0217593,0.00035552,0.0146579,0.0249302,0.000295682,0.0116283,0.0223979,0.000246888
178,0.002,1.88397,0.00868504,0.0145816,0.000438078,0.0139234,0.0360755,0.000430732,0.0143185,0.0191096,0.000345453,0.0120139,0.021743,0.000313928,0.0128774,0.019983,0.000478187,0.0168574,0.0235842,0.000292906,0.0109202,0.0192498,0.000393702,0.0153055,0.0239634,0.000336903,0.0111296,0.0204657,0.000501615,0.0163778,0.0252933,0.000327936,0.0113807,0.0210068,0.000350677,0.0147021,0.0245521,0.000335989,0.0115934,0.0214489,0.000211496
179,0.002,1.87713,0.00868195,0.0144337,0.000434185,0.0136944,0.0367471,0.000427392,0.0143528,0.0191268,0.000305523,0.0122916,0.022617,0.000325671,0.0129877,0.0206681,0.000423668,0.0163719,0.0235355,0.000296099,0.0110664,0.0192809,0.000374138,0.0152193,0.0233281,0.000328091,0.011149,0.0206012,0.000462412,0.0166711,0.0255357,0.000360237,0.0113283,0.0213735,0.00034703,0.015402,0.0248951,0.000334494,0.011468,0.0223133,0.000224634
180,0.002,1.8776,0.00887679,0.0144322,0.00048014,0.013605,0.0363524,0.000429521,0.0143234,0.0191907,0.000348104,0.0122551,0.0222588,0.000350619,0.0130535,0.0205379,0.000418073,0.0163616,0.0236449,0.000291895,0.0109433,0.0188271,0.00039117,0.0157746,0.0229816,0.000296995,0.0112073,0.0199677,0.000466329,0.01622,0.0244575,0.00030712,0.0115729,0.0208188,0.000320257,0.0148632,0.0235083,0.000295513,0.0117149,0.0213261,0.000237801
181,0.002,1.90123,0.00868495,0.0145251,0.000507958,0.0136636,0.0359111,0.000418627,0.0143226,0.0185931,0.000348341,0.0127342,0.0222186,0.000348583,0.0125571,0.0196838,0.00048167,0.0168063,0.0239577,0.000313167,0.0105493,0.0185969,0.000453532,0.0155059,0.0238025,0.000314972,0.0111132,0.0196789,0.000448143,0.0162489,0.023577,0.000314302,0.0115009,0.021048,0.000324329,0.0148399,0.022995,0.00029575,0.0117934,0.0213371,0.000209407
182,0.002,1.86038,0.00898409,0.0146612,0.000480816,0.0139173,0.0353529,0.000404723,0.0141249,0.018601,0.000348327,0.0129461,0.0237247,0.000366508,0.0126092,0.0195213,0.000416585,0.0167327,0.0244727,0.000333863,0.010872,0.0188724,0.000411852,0.0167294,0.025069,0.000334007,0.0111366,0.0198536,0.000400716,0.0161935,0.0235214,0.000319548,0.0114961,0.0214394,0.000280873,0.0154847,0.0232265,0.000304686,0.011753,0.0220452,0.000221579
183,0.002,1.84819,0.00886508,0.0148689,0.000426714,0.0139345,0.0351562,0.000430823,0.0139982,0.0185904,0.000384548,0.0128395,0.0240524,0.000343517,0.0130765,0.0204295,0.000442755,0.0165396,0.0238216,0.000315534,0.0110579,0.0192925,0.000453624,0.016825,0.0247679,0.000316012,0.0113167,0.0201811,0.000392637,0.0157851,0.0239187,0.000323852,0.0117675,0.0216039,0.000296392,0.0157942,0.0247156,0.000317478,0.0119812,0.0224364,0.000256536
184,0.002,1.81493,0.00885775,0.0144109,0.000389316,0.0135901,0.0351252,0.000441117,0.013803,0.0183264,0.000365902,0.0123513,0.0230206,0.000351723,0.0123989,0.0189083,0.00043573,0.0155326,0.0238374,0.000316743,0.0109549,0.0190003,0.000429245,0.0167197,0.0230765,0.000297889,0.0111522,0.0198489,0.000406778,0.0158735,0.023017,0.000321189,0.0116344,0.0208796,0.000306183,0.0150948,0.0230357,0.000313341,0.011684,0.0211705,0.000245603
185,0.002,1.79742,0.00883825,0.014422,0.000419346,0.0135411,0.0351216,0.000421743,0.0139035,0.0188174,0.000371438,0.0120662,0.0231728,0.000337579,0.0122861,0.0186971,0.000491671,0.0156828,0.0246737,0.000314918,0.0108069,0.0188537,0.000517991,0.0180014,0.0228128,0.000293389,0.0110025,0.0200482,0.000416004,0.0153759,0.0230018,0.000312657,0.0117176,0.0213468,0.000323829,0.0152384,0.0223219,0.000297552,0.0119765,0.0218896,0.000241799
186,0.002,1.8285,0.00916152,0.0146494,0.00050259,0.0135836,0.0348441,0.00041529,0.0140825,0.018899,0.000392098,0.0123564,0.0239271,0.00033062,0.0123617,0.0188527,0.000498486,0.0152623,0.0252812,0.000333208,0.011093,0.0196653,0.000556781,0.0191266,0.022958,0.000328224,0.0112254,0.0213145,0.0003929,0.0152429,0.0242675,0.000342105,0.0121529,0.02247,0.000332027,0.015105,0.0232526,0.000348922,0.0125503,0.0230155,0.000256168
187,0.002,1.84353,0.00864973,0.014507,0.000495851,0.0137363,0.0343154,0.000420254,0.014088,0.0188244,0.000386949,0.0129014,0.0239977,0.000325008,0.0126597,0.0197432,0.000412499,0.014509,0.0250795,0.000337333,0.0112446,0.0194039,0.00047568,0.0177122,0.0242026,0.000351649,0.0117888,0.0210432,0.000337536,0.016254,0.0246005,0.00036327,0.0127647,0.022128,0.000340693,0.0159034,0.0238473,0.000408997,0.0134306,0.0235297,0.000241601
188,0.002,1.82501,0.00872007,0.0142774,0.000442207,0.0135111,0.0338969,0.000422134,0.0137926,0.0183821,0.000416493,0.013078,0.024225,0.000309517,0.012476,0.0198706,0.000388781,0.0141272,0.0247081,0.000383389,0.0110955,0.0195472,0.000451811,0.0166906,0.0240841,0.000378869,0.011389,0.0210104,0.00037435,0.0166525,0.0247885,0.000343789,0.0120541,0.0218361,0.000306854,0.0154661,0.0239576,0.000341279,0.0123398,0.0227835,0.000228718
189,0.002,1.81263,0.00829215,0.0141258,0.000424592,0.0132672,0.0329502,0.000399825,0.0136272,0.0185201,0.000445579,0.0127635,0.0248434,0.000338618,0.012518,0.0193679,0.000407321,0.0140579,0.0248582,0.000385289,0.0111712,0.0191097,0.000465029,0.0165492,0.0238047,0.000367236,0.0111603,0.0203971,0.000440019,0.0160252,0.0242186,0.00035042,0.0117226,0.0212029,0.000334168,0.0146824,0.0235634,0.000336708,0.0118609,0.02193,0.000216599
190,0.002,1.85948,0.00844025,0.0140312,0.000429651,0.0130864,0.0332108,0.000401681,0.0137684,0.0188676,0.000446623,0.0128718,0.0248679,0.000337934,0.0128937,0.0199251,0.000434822,0.0150611,0.0255876,0.000357162,0.0114787,0.0203119,0.000444054,0.0165191,0.0237552,0.000367029,0.0118182,0.0217086,0.000456598,0.0162501,0.0254738,0.000361175,0.0120732,0.022608,0.00035172,0.0147481,0.0250527,0.000345418,0.0122256,0.0233998,0.000251175
191,0.002,1.8445,0.00851109,0.0139198,0.000481921,0.0130662,0.032795,0.000400183,0.013614,0.0184564,0.000421988,0.0124956,0.023806,0.000375269,0.0126814,0.0188829,0.000417244,0.0150621,0.0253672,0.000352406,0.0112272,0.018871,0.000420345,0.0158709,0.0223164,0.000369858,0.0113669,0.019977,0.000422397,0.0160283,0.0235305,0.00038396,0.0117267,0.020723,0.000346707,0.0148037,0.0239966,0.000336464,0.0117349,0.0209761,0.0002413
192,0.002,1.84587,0.00840481,0.0138682,0.000484622,0.013139,0.0328519,0.000383156,0.0135442,0.0180004,0.000372833,0.0120617,0.0224015,0.000343302,0.0127476,0.0195576,0.00042343,0.0157492,0.0269382,0.000322319,0.0111697,0.0203962,0.000441696,0.0159187,0.024245,0.000351353,0.0113334,0.0212776,0.000411835,0.0169129,0.0255448,0.000369293,0.0115566,0.0218236,0.000348749,0.0159919,0.0264541,0.000319934,0.0116248,0.0223211,0.00025271
193,0.002,1.79795,0.00815042,0.0138564,0.000449558,0.0128998,0.0318444,0.000397484,0.0133633,0.0178275,0.000361719,0.012252,0.0228112,0.000341415,0.0122384,0.0184373,0.000397775,0.0147092,0.0253222,0.000330964,0.0108984,0.0187207,0.000420291,0.0163794,0.023575,0.000345405,0.0111931,0.0196444,0.000411955,0.0160664,0.0246223,0.000321271,0.0112688,0.0202333,0.000362058,0.0166873,0.0249515,0.000319219,0.0116006,0.0207361,0.000212664
194,0.002,1.80078,0.00797072,0.0137715,0.000469208,0.013196,0.0323129,0.000394375,0.0135545,0.0182861,0.000379539,0.0130319,0.0235188,0.000397028,0.012466,0.018868,0.000417499,0.016224,0.0255038,0.000359282,0.0112436,0.0190335,0.000469539,0.0174511,0.02329,0.000375163,0.0115016,0.0199905,0.000436327,0.0162321,0.0244172,0.000328676,0.011603,0.0207701,0.000351149,0.0167932,0.0243743,0.000290824,0.0116243,0.021101,0.000216836
195,0.002,1.82508,0.00822078,0.0137175,0.000510612,0.0129161,0.0312028,0.000382812,0.013145,0.0180706,0.000393825,0.0124861,0.0233537,0.000403406,0.0124996,0.0192007,0.000445791,0.0152889,0.0255699,0.000363959,0.0113865,0.019677,0.000447292,0.0163369,0.0227277,0.000382659,0.0116439,0.0203491,0.000436039,0.0162272,0.0238846,0.000347875,0.0117459,0.0209551,0.000350442,0.0163325,0.0237215,0.000310414,0.011767,0.0212797,0.000225446
196,0.002,1.80275,0.00833242,0.0139067,0.000497886,0.012949,0.0321322,0.000395793,0.0132807,0.0182201,0.000397755,0.0133183,0.0253401,0.000307919,0.0127298,0.0191664,0.000483489,0.0154435,0.0272975,0.000311254,0.0113926,0.0200635,0.000602645,0.0177319,0.0260574,0.000319009,0.0119816,0.021107,0.000487289,0.0169557,0.0263456,0.000328514,0.0120723,0.0215461,0.000408925,0.0178791,0.0244585,0.000334894,0.0123995,0.0219553,0.000231483
197,0.002,1.79806,0.00815684,0.0138877,0.000491454,0.0131155,0.0326403,0.00041722,0.0136156,0.0180501,0.000405342,0.0126844,0.0237515,0.000299543,0.0125061,0.0185345,0.000511178,0.0163099,0.0261892,0.000291579,0.0107561,0.0186967,0.000569068,0.0173015,0.0247089,0.000320043,0.0117317,0.0203056,0.000498903,0.0174417,0.0249934,0.000326739,0.0120774,0.0209203,0.000410265,0.0174727,0.0243738,0.000344047,0.0125754,0.0216499,0.000211736
198,0.002,1.80764,0.00808348,0.0139341,0.00050876,0.0128489,0.0321048,0.000408507,0.0135216,0.0178658,0.000419326,0.0129,0.0232057,0.00034771,0.012419,0.0182043,0.000456379,0.0157187,0.0265205,0.000346838,0.0110212,0.0185135,0.000500586,0.0164184,0.0239687,0.000363571,0.0119367,0.0206529,0.000436898,0.0172886,0.0241388,0.000353453,0.0124253,0.0213827,0.000436131,0.0172703,0.024386,0.000353233,0.0130162,0.0222722,0.000225787
199,0.002,1.80574,0.00765995,0.0138096,0.000507397,0.0128444,0.0321906,0.000413053,0.0135212,0.0177796,0.000426658,0.012899,0.0231785,0.000368343,0.012205,0.0182692,0.00042768,0.0152388,0.0272471,0.000385318,0.0110308,0.0185809,0.000541551,0.0158514,0.0235666,0.000396456,0.0117091,0.0202003,0.000437123,0.0167644,0.0233742,0.000356307,0.0122026,0.0210833,0.000397911,0.016556,0.0243149,0.000333503,0.0128783,0.022107,0.000217389
200,0.002,1.8412,0.00779624,0.0137056,0.000511316,0.0127593,0.031602,0.000402389,0.0132449,0.017408,0.000394005,0.0129269,0.0238397,0.000338651,0.0119734,0.0183195,0.000469561,0.0155651,0.026756,0.000392905,0.0109578,0.0192178,0.000548581,0.0161117,0.0243515,0.000393141,0.0115462,0.0203414,0.00044258,0.0163518,0.0244875,0.000358757,0.0121834,0.0213142,0.000396267,0.0165918,0.024765,0.000340765,0.0126554,0.0220994,0.000226584
201,0.002,1.7985,0.0081562,0.0136649,0.000524234,0.0130698,0.0325878,0.00039845,0.0133841,0.0178183,0.000363186,0.0131402,0.023465,0.000319049,0.0122614,0.0186662,0.000448378,0.0154559,0.0259489,0.000335599,0.0111292,0.0189385,0.000505776,0.0159457,0.0239519,0.000334541,0.0114822,0.0200588,0.000425151,0.0163385,0.0241194,0.000346848,0.0119864,0.0208364,0.000401397,0.015955,0.0252674,0.000361326,0.0123812,0.0219386,0.000232572
202,0.002,1.80774,0.00807907,0.013383,0.000569732,0.0127175,0.0315942,0.000381467,0.013307,0.017626,0.000373068,0.012551,0.0228465,0.000327991,0.0120801,0.0180068,0.000499951,0.0151123,0.0255559,0.000368789,0.0111124,0.0191664,0.000503981,0.0154532,0.0234058,0.000351469,0.0113348,0.0200241,0.000455269,0.0158766,0.02403,0.000315792,0.0116035,0.0206699,0.000410023,0.0163792,0.0252048,0.000309754,0.0118676,0.0212514,0.000213836
203,0.002,1.78,0.00805832,0.0133612,0.000489654,0.0127422,0.0315843,0.00038155,0.0132969,0.0182293,0.00043256,0.0134062,0.0233351,0.000329203,0.0125601,0.0185129,0.000502376,0.0151808,0.0239438,0.000325753,0.0113495,0.019364,0.000510186,0.0162053,0.0229572,0.000330521,0.0116696,0.0203632,0.000487297,0.0164315,0.0240434,0.000315016,0.0118343,0.0212722,0.000443345,0.0170703,0.025219,0.000327172,0.0121099,0.0219136,0.000226422
204,0.002,1.79002,0.00809673,0.0134091,0.000498988,0.0131378,0.0315866,0.000394328,0.0131817,0.0175854,0.000437854,0.0124892,0.0228497,0.000352189,0.0123542,0.018975,0.000517803,0.0152417,0.0247792,0.000375708,0.011461,0.0194599,0.000555144,0.0153269,0.0230887,0.00037681,0.0117302,0.0204751,0.000507039,0.0163665,0.0246653,0.000386476,0.0121806,0.0214497,0.00043575,0.0169221,0.0255583,0.000353357,0.0121711,0.0217574,0.000257372
205,0.002,1.77899,0.00767684,0.0136303,0.000449985,0.0128647,0.0308907,0.000383026,0.0129759,0.0171038,0.000448344,0.0124564,0.0234002,0.00032512,0.0120791,0.0179559,0.000528674,0.0146826,0.0237375,0.000343261,0.011027,0.0180259,0.000516065,0.0151142,0.0212075,0.000356252,0.0112186,0.0187753,0.000522731,0.0155236,0.0230831,0.000331173,0.0115613,0.0202409,0.000425892,0.0152142,0.0232748,0.000300086,0.0115353,0.0206734,0.000207255
206,0.002,1.77642,0.00783248,0.0135189,0.000438326,0.0129993,0.0309357,0.000383414,0.0130196,0.0173829,0.000433431,0.0125393,0.0232773,0.000323746,0.0122581,0.0185879,0.000476537,0.0146429,0.0236809,0.000362698,0.0112654,0.0191422,0.000464863,0.0147811,0.0214916,0.000353649,0.0114578,0.019826,0.000514429,0.0154474,0.0232431,0.000333898,0.0120063,0.0213471,0.000425101,0.0151397,0.0237557,0.000333706,0.0119134,0.0215812,0.000201315
207,0.002,1.77583,0.00820761,0.0134612,0.000445789,0.0130712,0.0320504,0.000389038,0.0132308,0.0176297,0.000390838,0.0121767,0.0238002,0.000352854,0.0122922,0.0184122,0.000437441,0.0151301,0.0241382,0.000372656,0.0113341,0.0193508,0.00048015,0.0157595,0.0212668,0.000360515,0.0114374,0.0196358,0.000547871,0.0160811,0.0233872,0.000371119,0.0120453,0.0210903,0.000400624,0.0150192,0.0232942,0.000340073,0.0121039,0.021227,0.00021376
208,0.002,1.75911,0.00774375,0.0132608,0.000480153,0.0127477,0.0305375,0.000380006,0.0128913,0.0171529,0.000400438,0.0120595,0.0228927,0.000345091,0.0117032,0.016993,0.000485633,0.014608,0.0237175,0.000386822,0.0109793,0.0184665,0.000479742,0.0150372,0.0214036,0.000394047,0.0113853,0.0197469,0.000478611,0.0155436,0.0237453,0.000384498,0.0120329,0.0210676,0.000404119,0.0151724,0.0239962,0.000320484,0.0120871,0.0212947,0.000202602
209,0.002,1.76755,0.00752902,0.0130247,0.000466292,0.0128388,0.0307614,0.00041776,0.0128454,0.0170072,0.000444269,0.0126168,0.0238295,0.000312687,0.0120725,0.0178883,0.000505429,0.0147419,0.0240003,0.000355746,0.0111599,0.0191252,0.000453649,0.0152265,0.0225308,0.000395205,0.0116169,0.0206798,0.000506957,0.0158387,0.024389,0.000365986,0.0120979,0.0213223,0.000410469,0.0151541,0.0236983,0.000311931,0.011791,0.0213016,0.000202485
210,0.002,1.77899,0.00749343,0.0129384,0.00049664,0.0126744,0.0307646,0.000406507,0.0128357,0.017062,0.000439958,0.0123975,0.0242458,0.000321383,0.0121249,0.017747,0.000478794,0.0146613,0.0233768,0.000350497,0.0110828,0.0186739,0.000420372,0.0151966,0.022709,0.000370804,0.0111465,0.0195865,0.000507435,0.0158812,0.0247058,0.00035189,0.0116651,0.0204067,0.000397153,0.014255,0.0242312,0.000312045,0.0114833,0.0202004,0.000210844
211,0.002,1.7698,0.00754985,0.0130091,0.000512117,0.0124551,0.0303186,0.000387973,0.0125303,0.0164956,0.000458579,0.0117017,0.022841,0.000302412,0.0116904,0.0170561,0.000478877,0.0144602,0.022924,0.00033291,0.0109364,0.0180388,0.000471663,0.0152014,0.0224262,0.000346421,0.0110042,0.0187912,0.000517859,0.0165898,0.0240442,0.000358416,0.0113312,0.019332,0.00039694,0.0145985,0.0233572,0.000332629,0.0113719,0.0192369,0.000207458
212,0.002,1.75641,0.0076946,0.0129686,0.000490364,0.0124997,0.0297868,0.000384193,0.012671,0.0169759,0.000430879,0.0115519,0.0219114,0.000344277,0.0118049,0.0172325,0.000452974,0.0142376,0.0232074,0.000349854,0.0109135,0.0179734,0.000478795,0.0150805,0.0229621,0.000355701,0.0112281,0.0190825,0.000516754,0.0156224,0.0243631,0.00034285,0.0114582,0.0202368,0.000395108,0.0141617,0.0233014,0.000344055,0.0113621,0.0202121,0.000211307
213,0.002,1.7546,0.0076609,0.012962,0.000455936,0.0124268,0.0295684,0.000370856,0.0127562,0.0169709,0.00040328,0.0122732,0.0225716,0.000370565,0.0122941,0.0179517,0.000457083,0.0148391,0.023842,0.000416371,0.0112852,0.0184832,0.000462605,0.0149343,0.0228248,0.00039259,0.0115451,0.0193752,0.000538471,0.0154681,0.0248902,0.00035882,0.0117895,0.0200925,0.000390427,0.01493,0.0225278,0.000331362,0.0116974,0.020173,0.000220212
214,0.002,1.76934,0.0073861,0.0131351,0.000483742,0.0125179,0.0300934,0.000364471,0.0128742,0.0169718,0.000382791,0.0118904,0.0218908,0.000324159,0.011864,0.0173622,0.000416055,0.0144431,0.0248313,0.000338938,0.0110012,0.0182569,0.00044022,0.0157349,0.0233733,0.000325937,0.0111003,0.0191222,0.0005287,0.0154455,0.0252697,0.000357443,0.0115751,0.0197755,0.000372154,0.0148241,0.0236552,0.000311467,0.0115003,0.0199454,0.000196274
215,0.002,1.75494,0.00739562,0.0131639,0.000472863,0.0127291,0.0300908,0.000396796,0.0128559,0.0168289,0.000395728,0.0125689,0.0221126,0.000319911,0.0118587,0.0174656,0.000440553,0.0147729,0.0242696,0.000345192,0.0111368,0.0183393,0.000498973,0.0167687,0.0222922,0.000340695,0.0111884,0.019032,0.00057655,0.0156259,0.0238672,0.00032855,0.0115205,0.0194861,0.000367517,0.0150596,0.0233095,0.000316516,0.0115806,0.019476,0.000211366
216,0.002,1.71737,0.00722398,0.0130687,0.000470099,0.0125249,0.0293522,0.000387171,0.0126952,0.0163485,0.000374888,0.0114829,0.0226856,0.000366562,0.0118412,0.0176633,0.000495702,0.0150106,0.0236457,0.000342049,0.0109813,0.0177938,0.000515537,0.0158347,0.0214636,0.000387293,0.0112874,0.0184665,0.000614731,0.0158022,0.0235305,0.000354069,0.0113667,0.0186998,0.000352711,0.0146602,0.0228105,0.000311107,0.0112952,0.018701,0.000208491
217,0.002,1.72377,0.00734378,0.0129096,0.000433657,0.0125613,0.0286472,0.000370588,0.0125861,0.0163238,0.000357186,0.0118494,0.0235647,0.000366262,0.0120312,0.0176748,0.000525925,0.0157491,0.0244158,0.000351349,0.0112309,0.0187176,0.000514483,0.0165752,0.0228782,0.00039209,0.0114532,0.0195912,0.000606498,0.0153101,0.024244,0.000373447,0.0116574,0.0199265,0.00038369,0.0150252,0.0236614,0.000322321,0.0113986,0.0203324,0.000214429
218,0.002,1.72687,0.00773182,0.0128242,0.000425324,0.0127967,0.0304628,0.000361501,0.0129739,0.0167535,0.000342702,0.0121481,0.0233178,0.000385273,0.0122508,0.0179691,0.000519426,0.0148591,0.0242231,0.000335476,0.0114252,0.0190713,0.000430161,0.015883,0.0223973,0.00032526,0.0115349,0.0199267,0.000551023,0.0143398,0.0242988,0.000349794,0.0117766,0.0197617,0.000367771,0.0145761,0.0227024,0.000314626,0.0115154,0.0199269,0.000223203
219,0.002,1.7287,0.0074722,0.0126896,0.000454144,0.0126142,0.0302126,0.000369251,0.012827,0.0167149,0.00040544,0.0120795,0.0226596,0.00035381,0.0118221,0.0173227,0.000514975,0.0141622,0.0233789,0.000335328,0.0108764,0.0179621,0.000443913,0.0161342,0.0218322,0.000331396,0.0113036,0.0192151,0.000536826,0.0150886,0.0244221,0.000344006,0.0114262,0.0195119,0.000354295,0.0144759,0.0228629,0.000329835,0.0114744,0.0197662,0.000224891
220,0.002,1.76018,0.00768084,0.0130082,0.000479203,0.0127449,0.0307129,0.000388922,0.0131204,0.0172281,0.000439789,0.0132451,0.0245948,0.00039251,0.0123368,0.0180405,0.000503223,0.015469,0.0244855,0.000384959,0.0113469,0.0187605,0.000491729,0.0178015,0.0234625,0.000382185,0.0118741,0.019945,0.00047169,0.0152784,0.024962,0.000398738,0.01192,0.0201648,0.000386198,0.0158805,0.0248462,0.000411831,0.0125474,0.0218508,0.000251278
221,0.002,1.75869,0.00750128,0.0130757,0.000481741,0.0126262,0.0303062,0.000423133,0.0128571,0.0167654,0.000418757,0.0126781,0.0245679,0.000320368,0.0121632,0.0174231,0.00050701,0.0144492,0.024288,0.000326953,0.0109797,0.018359,0.000525531,0.0156163,0.0240058,0.000369542,0.0116007,0.0197485,0.000503835,0.0147875,0.0247223,0.000380936,0.0115673,0.0198004,0.000388808,0.0152365,0.0239248,0.000359663,0.0117012,0.0206445,0.000213155
222,0.002,1.7433,0.00745875,0.0128369,0.000510022,0.0123696,0.0296459,0.000406921,0.0125913,0.0166914,0.000419647,0.0125309,0.0247665,0.000321701,0.012188,0.0177463,0.000524656,0.0144795,0.0245086,0.000327903,0.0109861,0.0184409,0.000569799,0.0160193,0.0235512,0.000399549,0.0115346,0.0196321,0.000541865,0.0163189,0.0250534,0.000385248,0.0116664,0.0201475,0.000385333,0.0154848,0.0244514,0.000371143,0.0123172,0.0217509,0.000220162
223,0.002,1.74887,0.00747374,0.012891,0.000532307,0.012498,0.0303315,0.000381282,0.0129931,0.0176571,0.00043251,0.0132791,0.0242786,0.000394743,0.0123416,0.0176376,0.000485178,0.0144725,0.0250165,0.000393263,0.0115768,0.0189877,0.000545739,0.0164768,0.0233498,0.000422456,0.012017,0.0202421,0.000553138,0.0159575,0.0248727,0.000397605,0.012476,0.0215529,0.000398902,0.0158465,0.0250334,0.000348335,0.0126435,0.0222517,0.000223656
224,0.002,1.7318,0.0073058,0.0128694,0.000499597,0.0123369,0.0301629,0.00036078,0.0128683,0.0171347,0.00043571,0.0128697,0.0236732,0.000384274,0.0121032,0.0171054,0.000443546,0.0143634,0.0237513,0.000368232,0.0114504,0.0183294,0.000508204,0.015727,0.0225178,0.00039167,0.0119001,0.0196645,0.000485546,0.0153468,0.0239795,0.000386516,0.0124072,0.0206501,0.000363822,0.0149548,0.0245835,0.000331981,0.0124578,0.0214356,0.000207446
225,0.002,1.76077,0.00734408,0.0127,0.000450057,0.0122837,0.0296309,0.000378579,0.0126932,0.0168183,0.000474704,0.0131151,0.0237029,0.000331069,0.0120895,0.0172419,0.000454091,0.0144651,0.0235741,0.000317062,0.0109644,0.0178378,0.000534093,0.0151197,0.0229499,0.000356095,0.0117452,0.0196169,0.000493397,0.0152433,0.0241166,0.000337321,0.0121878,0.0203465,0.000408066,0.0150549,0.0245164,0.000339524,0.0123351,0.0210185,0.000203848
226,0.002,1.71345,0.007053,0.0125458,0.000470446,0.0121443,0.0287853,0.000366161,0.0125158,0.0166771,0.000453203,0.012825,0.0233021,0.000340435,0.0120701,0.0171985,0.00044004,0.014225,0.0232486,0.000335966,0.010986,0.017432,0.000539176,0.0153013,0.022504,0.000350473,0.011781,0.0190516,0.00048805,0.0149175,0.0232207,0.00033636,0.0119328,0.0196952,0.00037374,0.0147307,0.0238374,0.000310271,0.0119276,0.0199545,0.000213117
227,0.002,1.75081,0.00719025,0.0126228,0.000517765,0.0121295,0.0285455,0.000365256,0.0123588,0.0164182,0.000421193,0.0124694,0.0233134,0.000366757,0.0120433,0.0172286,0.000426732,0.0144509,0.0239524,0.000375891,0.0112762,0.0185545,0.000546848,0.0159617,0.0234687,0.000394581,0.0120985,0.0199741,0.000492108,0.0155959,0.0238262,0.000380913,0.0121059,0.0204996,0.000386072,0.0150478,0.0245618,0.00033855,0.0121663,0.0206415,0.000219146
228,0.002,1.7227,0.00720537,0.0128038,0.000509777,0.0124031,0.0295229,0.00038116,0.0125975,0.0164619,0.000456696,0.0123625,0.0234142,0.00036811,0.0118515,0.01744,0.000447056,0.0139555,0.0230915,0.000367683,0.0109924,0.0177107,0.000508822,0.0145058,0.0224861,0.000397912,0.0117508,0.0188706,0.000482472,0.0148617,0.0233602,0.000367786,0.0119314,0.0193446,0.000404538,0.0149381,0.0231676,0.000300027,0.011698,0.0195815,0.000187554
229,0.002,1.72046,0.00739324,0.0127656,0.000425392,0.0123067,0.0293981,0.000375978,0.0128452,0.0168428,0.000455307,0.0126989,0.0241784,0.000335865,0.0121342,0.0178872,0.000453835,0.0145425,0.0234131,0.000364596,0.011108,0.0178853,0.000460498,0.0142324,0.0223521,0.00039033,0.012041,0.0194549,0.00049999,0.0150026,0.0239686,0.000390182,0.0123636,0.0202859,0.000396632,0.0154977,0.0240514,0.000297292,0.0121358,0.0207063,0.000197943
230,0.002,1.69435,0.00738357,0.0128687,0.000387958,0.0123744,0.0282642,0.000347901,0.0125404,0.0163032,0.000426474,0.0124636,0.0237052,0.000337465,0.0118645,0.0174122,0.000454068,0.0148882,0.0236208,0.000362966,0.0109577,0.0176155,0.00046188,0.0141646,0.0218841,0.000400848,0.0118752,0.0192511,0.000501544,0.0149845,0.0240421,0.000376946,0.0121302,0.019944,0.000436648,0.0156537,0.0244327,0.000318958,0.0119795,0.020555,0.000223728
231,0.002,1.71774,0.00730292,0.0129899,0.000406363,0.0124683,0.0289904,0.000373149,0.0127204,0.0164868,0.00041857,0.012535,0.0241295,0.00034874,0.0121119,0.0173449,0.00043329,0.0147105,0.0246103,0.000363521,0.0111509,0.0177108,0.000431012,0.0140404,0.0222182,0.000380555,0.0117815,0.0191063,0.000478671,0.0151032,0.0240207,0.000362113,0.0121302,0.0196719,0.000436759,0.0154143,0.0239267,0.000339404,0.0119183,0.0200238,0.000196799
232,0.002,1.70082,0.00738152,0.0127526,0.000451629,0.012238,0.0278625,0.000369368,0.0123406,0.0160764,0.000400199,0.0119202,0.0228546,0.00033515,0.0118793,0.0169961,0.000470182,0.0146458,0.0240112,0.000378351,0.0111911,0.0185699,0.00040746,0.0139024,0.0226759,0.000396984,0.0118932,0.0199308,0.000463705,0.0143567,0.0238084,0.00037562,0.012138,0.0202011,0.000398798,0.0150155,0.024253,0.000352438,0.0119254,0.0202168,0.000215715
233,0.002,1.72338,0.00720245,0.0124973,0.000501398,0.0122696,0.0282841,0.000371292,0.0125495,0.0164279,0.000416085,0.0120857,0.0240169,0.000334074,0.0123467,0.0174172,0.000503495,0.0145926,0.0235743,0.000399223,0.0116007,0.0184897,0.000405686,0.0145893,0.022219,0.000458999,0.0121873,0.0198115,0.000508285,0.014818,0.0240453,0.000403395,0.0121709,0.0201874,0.000385209,0.015075,0.0239532,0.000338638,0.0118139,0.0198311,0.000193056
234,0.002,1.74071,0.00743425,0.0123473,0.000511021,0.0124331,0.0291823,0.000393424,0.0127512,0.0167017,0.000436134,0.0122566,0.024853,0.00031523,0.0118511,0.0166783,0.000523924,0.0155192,0.0253673,0.000367109,0.0116785,0.0187694,0.000409065,0.015572,0.0231123,0.000376599,0.0123478,0.0201304,0.000491388,0.0146016,0.0250357,0.000373839,0.0122156,0.0206228,0.000418885,0.0151182,0.0243171,0.000361464,0.0118893,0.020334,0.000202561
235,0.002,1.70591,0.00731213,0.0122252,0.000472793,0.0120213,0.0278994,0.000387716,0.0124072,0.016606,0.000421199,0.0119254,0.024022,0.00036184,0.0118492,0.0166324,0.000541785,0.0151836,0.0249004,0.000385628,0.0117981,0.0190932,0.000412306,0.0150147,0.0235137,0.000371722,0.012358,0.0203006,0.00049531,0.0148001,0.0259002,0.000372284,0.0123525,0.0205736,0.00040326,0.0149133,0.0236066,0.000335059,0.011979,0.0205162,0.000205785
236,0.002,1.73846,0.00714043,0.0123592,0.00047276,0.0119677,0.0279907,0.000383764,0.0123011,0.0162362,0.000432202,0.0121789,0.0239592,0.000382614,0.0118545,0.0163468,0.000504861,0.0148374,0.0238925,0.000398139,0.0115531,0.018533,0.000406792,0.0149478,0.0224353,0.000396752,0.0121339,0.0195453,0.000514302,0.0146384,0.0248672,0.000364416,0.0120647,0.0197133,0.000394669,0.0147573,0.0222989,0.000307718,0.0115893,0.0192849,0.000210327
237,0.002,1.70378,0.00723937,0.0122422,0.000486749,0.0119256,0.0280867,0.000376865,0.0122978,0.0162259,0.000415973,0.0121878,0.0235344,0.00036355,0.0119013,0.0165812,0.000518161,0.014675,0.024605,0.000408944,0.0114639,0.0186895,0.000437148,0.0155681,0.0237132,0.000396088,0.0121609,0.0198953,0.000524662,0.0148187,0.0248636,0.000358515,0.0120756,0.0198308,0.000408685,0.0153087,0.0227985,0.000314335,0.0116345,0.0193386,0.000194065
238,0.002,1.6908,0.00721018,0.0122028,0.000492542,0.0119721,0.0279322,0.000372605,0.0121723,0.0165093,0.000388254,0.0118271,0.0238001,0.000330077,0.0119199,0.0167269,0.000544704,0.0147871,0.024504,0.000359386,0.0114447,0.0180921,0.000463866,0.0155772,0.0242926,0.000379048,0.0120717,0.0195215,0.000531857,0.0148394,0.0245122,0.00036603,0.0120234,0.0199227,0.000421517,0.0162082,0.0245106,0.000330829,0.0120261,0.0201345,0.000209874
239,0.002,1.70153,0.00745611,0.0121543,0.000487646,0.0120956,0.0278031,0.000348062,0.0122123,0.0164689,0.000397693,0.0121967,0.0241372,0.000361584,0.0118408,0.0167101,0.000501952,0.0148649,0.0247006,0.000355243,0.0112519,0.0184095,0.000413219,0.0157163,0.0242739,0.000371804,0.0122674,0.0198377,0.000552709,0.0157001,0.0251065,0.000366105,0.0122247,0.0201524,0.000422634,0.01602,0.0247776,0.00032309,0.0120429,0.0200686,0.000214743
240,0.002,1.69968,0.00724653,0.0123112,0.000494908,0.0117922,0.0268303,0.000366591,0.0120134,0.0158407,0.000357329,0.0120037,0.0229192,0.000323633,0.0114384,0.0162673,0.000531162,0.0148734,0.0236486,0.000349354,0.0108539,0.0177141,0.00048247,0.0153737,0.0234679,0.000358192,0.0116943,0.0188815,0.000536039,0.0148221,0.0231905,0.000356715,0.0116427,0.019045,0.000377454,0.0151794,0.023454,0.000315659,0.0115355,0.0188456,0.000180638
241,0.002,1.66486,0.00709912,0.0122023,0.000545459,0.0117713,0.0264214,0.000376335,0.0120054,0.0158395,0.000350028,0.0121067,0.0232169,0.000318446,0.0117623,0.0167316,0.000544327,0.014706,0.0245861,0.000362205,0.0110108,0.0179712,0.000541225,0.0160432,0.024185,0.000366382,0.0117077,0.0192641,0.000509879,0.0150755,0.0237393,0.000368153,0.0117241,0.0194214,0.000407272,0.0153206,0.0238516,0.000321656,0.0115246,0.0189069,0.000190847
242,0.002,1.68259,0.0070919,0.012343,0.000553489,0.0116816,0.0262673,0.000349701,0.011832,0.0156342,0.000320775,0.0117945,0.0222901,0.000322296,0.0113489,0.0157719,0.000532618,0.0138558,0.0241732,0.000339333,0.0109871,0.0172374,0.000540079,0.0148502,0.0234769,0.000359352,0.0115415,0.0184941,0.000459909,0.0143291,0.0227818,0.00039151,0.0117261,0.0189364,0.000401577,0.0153908,0.0245981,0.000385275,0.0116544,0.0192665,0.000202275
243,0.002,1.65205,0.0069529,0.0121866,0.000554231,0.0118283,0.0271687,0.000366849,0.0121484,0.0160073,0.000321013,0.0116207,0.0229974,0.00034389,0.011305,0.0155166,0.000519661,0.0136606,0.0235965,0.00038244,0.0111138,0.0171009,0.000557052,0.0150997,0.0234719,0.000407104,0.0115583,0.0177582,0.000481865,0.0137313,0.0223763,0.000368001,0.0114116,0.0180756,0.000374467,0.0145494,0.0236466,0.00033117,0.010956,0.0176935,0.000182569
244,0.002,1.65215,0.00681855,0.0121083,0.000516899,0.0117955,0.0263258,0.000359372,0.0119171,0.0157097,0.000360526,0.0123096,0.0224837,0.000332154,0.0113724,0.0157408,0.000496032,0.0134345,0.0233193,0.000354247,0.0111464,0.0171336,0.000527434,0.0151842,0.0230614,0.000401085,0.0115165,0.0181181,0.000501332,0.014258,0.0217674,0.000377805,0.0115933,0.01855,0.000395272,0.0143098,0.0231689,0.000335845,0.0111805,0.0180163,0.000202647
245,0.002,1.66787,0.00685443,0.0122087,0.00051147,0.0120649,0.0268897,0.000356858,0.0119242,0.01549,0.00037388,0.0128585,0.0231068,0.000329577,0.0113868,0.0156941,0.000451647,0.0134533,0.0236979,0.000345514,0.0111529,0.0178799,0.000541852,0.015292,0.0228584,0.00038125,0.0116972,0.018852,0.000496057,0.0142849,0.0222687,0.000395366,0.0116506,0.0190983,0.000412396,0.0151201,0.0236166,0.000370386,0.0115654,0.019264,0.000218989
246,0.002,1.65957,0.00686584,0.0122665,0.000505815,0.0117517,0.0260552,0.000343559,0.0118655,0.0156132,0.000422031,0.0124473,0.0233955,0.000364894,0.0114543,0.0161869,0.000444251,0.0136072,0.0232081,0.000416099,0.0117782,0.018322,0.000545436,0.0155694,0.0229698,0.000404386,0.0122174,0.0193912,0.000511574,0.014231,0.0228025,0.000375673,0.0121917,0.0196951,0.000378044,0.014516,0.0234326,0.00033355,0.0116181,0.0187596,0.000219608
247,0.002,1.65534,0.0070397,0.0122579,0.0005031,0.0120209,0.0264609,0.000348039,0.0120667,0.015669,0.000420992,0.0128083,0.0246903,0.000341575,0.0117019,0.0162724,0.000478666,0.0138976,0.0234117,0.000362926,0.0118228,0.0182012,0.000537283,0.0151654,0.0224248,0.000354138,0.0121143,0.0192614,0.00055249,0.015148,0.0227807,0.000367187,0.0122754,0.0198417,0.000382971,0.0149267,0.0234475,0.000361013,0.0117662,0.018968,0.000218385
248,0.002,1.66592,0.00715996,0.012302,0.000508881,0.0119898,0.026608,0.000345851,0.0122518,0.015876,0.00037318,0.0133755,0.0239248,0.000347479,0.0117886,0.0165297,0.00048727,0.0143377,0.0234607,0.000366834,0.0116189,0.0182707,0.000546189,0.0154894,0.0232769,0.000359265,0.0120102,0.0192804,0.000600685,0.01583,0.0229954,0.000347071,0.012028,0.0198186,0.000365778,0.0151651,0.0238956,0.000325533,0.0114392,0.0193552,0.00020404
249,0.002,1.63845,0.00710032,0.0123234,0.000470159,0.0115958,0.0260554,0.000355876,0.0119661,0.015536,0.000402861,0.0126898,0.0230501,0.000307566,0.0113985,0.015484,0.000536072,0.0145714,0.0232048,0.000392657,0.0111447,0.0175356,0.000540058,0.0154235,0.0237805,0.000394615,0.0115579,0.0181984,0.000575395,0.0150197,0.0238871,0.00033275,0.011611,0.0185371,0.000397783,0.0157718,0.0238771,0.000309398,0.0112415,0.0179061,0.000194158
250,0.002,1.63592,0.00707552,0.0123043,0.000473201,0.011931,0.0262727,0.000353837,0.0119552,0.0155496,0.000468216,0.0131335,0.0239874,0.000289611,0.0115335,0.0160057,0.000519982,0.0145137,0.023746,0.000350232,0.0114646,0.0180417,0.000560832,0.0157534,0.0241591,0.000387944,0.0117125,0.0183284,0.000528468,0.0149028,0.0245853,0.000361416,0.0116957,0.0188051,0.000396629,0.015898,0.0236462,0.000317201,0.011327,0.0182494,0.000190463
251,0.002,1.67001,0.00740558,0.0122933,0.000476474,0.0119893,0.0265154,0.000319438,0.0120111,0.0160435,0.000486381,0.0134338,0.0244781,0.000295639,0.0118828,0.0164329,0.00049683,0.014909,0.0241927,0.000355172,0.0117981,0.0184735,0.000576544,0.0156147,0.0246169,0.000389002,0.0118331,0.0188414,0.00049442,0.0150177,0.0241101,0.000394284,0.0121798,0.0195056,0.000384438,0.0160478,0.0244837,0.000396604,0.0120364,0.0193236,0.000202489
252,0.002,1.68739,0.00718181,0.0125663,0.000474643,0.0118772,0.0260315,0.000323984,0.0117167,0.0157137,0.00044407,0.0131321,0.0233852,0.000309569,0.0115708,0.0161516,0.000486625,0.0144171,0.0234942,0.000352031,0.0117357,0.0185386,0.000519101,0.0153285,0.0235932,0.000399496,0.0117685,0.0187392,0.000483367,0.0146393,0.0232405,0.000396827,0.012056,0.0191257,0.000381123,0.0155825,0.023861,0.000399676,0.0118649,0.0191231,0.000221139
253,0.002,1.63787,0.00720903,0.0124308,0.000491538,0.0118507,0.0256608,0.00034689,0.0116888,0.0154976,0.000419935,0.0130985,0.0242439,0.000329595,0.0115856,0.0162554,0.000461037,0.0142117,0.0233893,0.000364174,0.0115569,0.0191162,0.000500046,0.0154073,0.0242982,0.000399354,0.0117745,0.0195454,0.000487209,0.0149095,0.0250707,0.00038555,0.0119602,0.0195476,0.000392542,0.0152516,0.0239325,0.000351769,0.0116913,0.0197464,0.000233691
254,0.002,1.69123,0.00743647,0.0121852,0.000488676,0.0118903,0.0262079,0.000341281,0.0118513,0.0157842,0.000415356,0.0138428,0.0240391,0.000326389,0.011725,0.0159517,0.000479325,0.0138995,0.0245606,0.000403251,0.0117471,0.0185487,0.000474147,0.0152338,0.0238519,0.000396443,0.0118553,0.0189211,0.000501944,0.0144394,0.0242449,0.000355012,0.012098,0.0193894,0.000405973,0.0154662,0.0242592,0.000363401,0.0120413,0.0197203,0.000209472
255,0.002,1.65292,0.00749009,0.0119014,0.000490717,0.011781,0.0260914,0.000334278,0.0119107,0.015494,0.000392985,0.0135876,0.0241625,0.000333032,0.0116252,0.01597,0.000441018,0.0134186,0.024855,0.000361063,0.011375,0.0178797,0.000521057,0.0155344,0.0238913,0.000383065,0.0118647,0.0185904,0.000491506,0.014078,0.0244369,0.000350728,0.0120536,0.0191165,0.00039576,0.0151021,0.0244084,0.000365235,0.0117394,0.019702,0.000213361
256,0.002,1.65443,0.00714253,0.011895,0.000505841,0.0118338,0.0262036,0.000335554,0.0120142,0.0158883,0.000430534,0.0130992,0.0238968,0.000385794,0.0118202,0.0166699,0.000503244,0.0137648,0.0259941,0.000380039,0.0118805,0.0189267,0.00055473,0.0151278,0.0238058,0.000403715,0.0123459,0.0193622,0.000529795,0.0148746,0.024626,0.000382575,0.0123047,0.0190936,0.000435668,0.0155486,0.0244306,0.000346353,0.0120255,0.019431,0.000218003
257,0.002,1.6638,0.00718996,0.0118406,0.000491177,0.0118323,0.0256986,0.000340357,0.0118494,0.0155747,0.000420892,0.0136497,0.0238388,0.000342872,0.0118333,0.0166621,0.000503909,0.013363,0.0240278,0.000326346,0.0112651,0.0177298,0.000575141,0.0151318,0.023295,0.000400848,0.0117021,0.0182096,0.000483093,0.0138928,0.0237179,0.000377611,0.0118746,0.0185593,0.000433628,0.0155629,0.023984,0.000323359,0.0115971,0.0190785,0.000207331
258,0.002,1.63761,0.00709333,0.0119412,0.000483572,0.011818,0.0260934,0.000362536,0.0119138,0.015825,0.000442712,0.0136644,0.0244603,0.000326238,0.0118781,0.0167465,0.000502865,0.0144673,0.0253141,0.000332952,0.0118122,0.0180649,0.000575674,0.0152291,0.0240362,0.000388203,0.0119781,0.0184028,0.0004725,0.013407,0.0249259,0.000347567,0.0119274,0.0187155,0.000430179,0.0157538,0.0247061,0.00033193,0.0116079,0.0192237,0.00022824
259,0.002,1.6343,0.00703714,0.0118072,0.000481132,0.0115676,0.0258163,0.000333152,0.0118863,0.0158813,0.000421532,0.0135195,0.0244448,0.000299066,0.0119545,0.0169171,0.000474371,0.0134527,0.0257902,0.000321764,0.0115467,0.0176342,0.000530814,0.0148793,0.0233998,0.000353508,0.011929,0.0181094,0.000476993,0.0132968,0.0237324,0.000345438,0.0119923,0.0186831,0.000432493,0.015708,0.0243075,0.00030769,0.0116381,0.0188508,0.000221076
260,0.002,1.61924,0.00736372,0.0119132,0.000514235,0.0117506,0.0258956,0.000327264,0.0119357,0.0162566,0.000459375,0.0141514,0.0251528,0.000344999,0.012223,0.01716,0.000517171,0.0136114,0.0254805,0.000344188,0.0119161,0.0186262,0.000552692,0.0151413,0.0235139,0.000367003,0.012336,0.0190394,0.00051834,0.0138778,0.0245726,0.000376873,0.0122011,0.0192253,0.000447599,0.0150247,0.0245652,0.0003438,0.0120743,0.019678,0.000235361
261,0.002,1.64055,0.00699698,0.0118788,0.000478089,0.0116902,0.0251015,0.000340697,0.0116532,0.015226,0.000436187,0.0138668,0.0248365,0.000317377,0.0119713,0.016748,0.000549904,0.01354,0.0244016,0.000380104,0.0114631,0.0178049,0.000478059,0.0145745,0.0229001,0.000395548,0.0119024,0.018464,0.000499633,0.0138219,0.0239436,0.000391379,0.0116916,0.0184294,0.000434688,0.0149091,0.0238133,0.000363543,0.0115767,0.0185687,0.000210707
262,0.002,1.66585,0.00681718,0.0118302,0.000461459,0.0119322,0.0257041,0.000367939,0.0118426,0.0153816,0.000483918,0.0145298,0.0251122,0.000320722,0.0120019,0.016172,0.000591016,0.0138876,0.0249317,0.000422503,0.011908,0.0176762,0.000424353,0.0142591,0.022673,0.000435901,0.0119072,0.0180345,0.000475647,0.0133082,0.0241622,0.000377969,0.0116082,0.0181029,0.000435999,0.0148643,0.0240164,0.000339709,0.0112267,0.018409,0.000201451
263,0.002,1.64441,0.00698317,0.0117139,0.000459496,0.0115773,0.0247761,0.00035255,0.0116473,0.0153297,0.000501675,0.0140246,0.0255731,0.000322199,0.0117825,0.0163376,0.000563678,0.0140079,0.0244676,0.000366772,0.0120945,0.0183343,0.000422467,0.0141028,0.023112,0.00040322,0.0121878,0.0185463,0.000492841,0.0137136,0.0244761,0.000371387,0.0118349,0.0183936,0.000459479,0.0149816,0.024066,0.000343708,0.0114026,0.0183431,0.000208939
264,0.002,1.67154,0.0071473,0.0120459,0.000531965,0.0124662,0.026781,0.000341343,0.0122077,0.0161143,0.000563866,0.0140242,0.0265384,0.000425214,0.0122477,0.0169869,0.000568451,0.0138722,0.0254108,0.000411456,0.0124014,0.019618,0.000472112,0.0152981,0.0240188,0.000443738,0.0124769,0.0196587,0.000500806,0.0134681,0.0248111,0.000421742,0.0123257,0.019387,0.000429021,0.0146465,0.0252009,0.000348242,0.0116675,0.0190185,0.000229174
265,0.002,1.64707,0.00678458,0.0120724,0.000483789,0.0120985,0.0264891,0.000377703,0.0122693,0.0161229,0.000507448,0.0140058,0.0257999,0.000362027,0.0122644,0.0163828,0.000544523,0.01384,0.0246861,0.000359075,0.0123103,0.0191572,0.000473655,0.0151541,0.0242455,0.000364993,0.0123044,0.0190583,0.000543289,0.0141181,0.0245972,0.000381191,0.011875,0.018848,0.000447157,0.0147539,0.0244134,0.000308264,0.0112702,0.0185894,0.000215713
266,0.002,1.66797,0.00671173,0.011725,0.000496614,0.0119624,0.0254768,0.000352281,0.0119256,0.0157496,0.000482107,0.0133192,0.0253086,0.000353931,0.012043,0.0168798,0.000636452,0.013885,0.0255932,0.000381744,0.0122614,0.0197576,0.000538205,0.0155471,0.0247426,0.000405166,0.01255,0.0198702,0.000559572,0.0144347,0.0253315,0.000403896,0.0124651,0.0197967,0.000437758,0.0145183,0.0255926,0.000351094,0.0121583,0.0200575,0.000252721
267,0.002,1.66054,0.00661007,0.0118732,0.000472628,0.0117373,0.0253718,0.000345609,0.0117126,0.0155613,0.000463528,0.0133044,0.024185,0.000374237,0.0117922,0.0159344,0.000559722,0.012911,0.0239733,0.000399568,0.0119038,0.0181772,0.000472762,0.01444,0.0226644,0.00040011,0.0121801,0.0183659,0.000545111,0.0137385,0.0231107,0.000394348,0.0119793,0.018406,0.000419791,0.014106,0.024006,0.000323981,0.0114516,0.0184029,0.000228917
268,0.002,1.68032,0.00672353,0.0119626,0.000430742,0.0116247,0.0254686,0.00034327,0.011861,0.0157511,0.000465057,0.0138593,0.0255385,0.000353482,0.0119079,0.0161597,0.000556858,0.0133401,0.0251471,0.000363612,0.0114911,0.0183155,0.000545471,0.0146565,0.0240018,0.000370067,0.0120114,0.0191213,0.000541113,0.0137604,0.0235747,0.000371672,0.0120817,0.0192308,0.000443284,0.0149143,0.025092,0.000320539,0.0113658,0.0193158,0.000222095
269,0.002,1.61907,0.00672968,0.0119319,0.000451395,0.0113926,0.0247755,0.000335305,0.0114843,0.0151819,0.000421352,0.0124072,0.0232951,0.000332214,0.011397,0.0159732,0.000568363,0.0130721,0.0235388,0.000380269,0.0111662,0.0170917,0.000596212,0.0151456,0.0227943,0.000361824,0.0114868,0.017585,0.000560026,0.0137463,0.0225749,0.000366408,0.0116661,0.0177616,0.000444606,0.0147991,0.0235015,0.000341455,0.0109041,0.0176592,0.000204382
270,0.002,1.6214,0.00694104,0.011933,0.00047299,0.0118705,0.0254109,0.000338664,0.0117373,0.0156365,0.000427085,0.0135867,0.0248909,0.000357609,0.0115877,0.0160668,0.000563828,0.0128837,0.0240067,0.00038215,0.0114421,0.0177328,0.000525651,0.0141425,0.0238992,0.000430066,0.0119855,0.0183403,0.000512511,0.0136375,0.0241417,0.000413896,0.0122871,0.018829,0.000437075,0.0148575,0.023718,0.000400606,0.0117827,0.0188597,0.000220891
271,0.00194,1.62431,0.00663316,0.0116742,0.000489711,0.0113783,0.0238812,0.000330971,0.0111602,0.0146034,0.000435864,0.0125475,0.0227594,0.000298719,0.0110488,0.0153827,0.000540737,0.0122967,0.0225066,0.000338013,0.0108293,0.0167159,0.000552512,0.0133667,0.0222622,0.000390908,0.011671,0.0174856,0.000462241,0.0128217,0.0226765,0.000401644,0.011739,0.0177544,0.000417105,0.0141134,0.0227528,0.000383644,0.0113993,0.018016,0.000201362
272,0.00188,1.62129,0.00637533,0.0112053,0.000503631,0.0111494,0.0234739,0.000322183,0.0109246,0.0143362,0.000433316,0.0125789,0.0220841,0.000298777,0.0109537,0.0148307,0.000511667,0.0125897,0.0217114,0.00032038,0.0104544,0.0160116,0.000520533,0.0132546,0.0217316,0.000392678,0.0114208,0.0172542,0.00049899,0.0130619,0.0224082,0.000392273,0.0115465,0.01742,0.000419805,0.0138785,0.0220946,0.000348964,0.0110093,0.017476,0.000199117
273,0.00182,1.61415,0.00619287,0.0108325,0.000460535,0.0106588,0.0226757,0.00029818,0.010585,0.0140106,0.000415305,0.0120245,0.0221303,0.000313257,0.0106802,0.0146459,0.000447778,0.0117199,0.0212717,0.000328735,0.0103956,0.0160597,0.000446366,0.0124801,0.0211598,0.000394521,0.0112487,0.0176678,0.000457383,0.0125285,0.0222956,0.000357137,0.0114022,0.0177017,0.000388759,0.0137354,0.0221801,0.000309673,0.0107656,0.0178463,0.000183714
274,0.00176,1.6352,0.00594553,0.0103572,0.000419213,0.0103233,0.0217563,0.000301057,0.0102384,0.0134784,0.00041347,0.0113993,0.0218769,0.000306827,0.0103718,0.0144474,0.000431687,0.0112517,0.0203772,0.000322767,0.010091,0.0153889,0.000412581,0.0120028,0.0194976,0.000372201,0.0107436,0.0166152,0.000403761,0.0118916,0.0199037,0.00032937,0.0107442,0.0166239,0.000366436,0.012761,0.0204917,0.000287003,0.0101669,0.0163254,0.000195629
275,0.0017,1.59681,0.00578802,0.00986821,0.000372308,0.00980233,0.020712,0.000306784,0.00975153,0.012714,0.000409947,0.0111605,0.0211654,0.000266854,0.00984233,0.0136446,0.000408364,0.0105386,0.019724,0.000310832,0.00965408,0.0147589,0.000392503,0.0115259,0.018576,0.000335276,0.0101641,0.015893,0.000397423,0.0115676,0.0197864,0.000333283,0.0102127,0.0161431,0.00037363,0.0116837,0.0214385,0.000281436,0.00994403,0.0159675,0.000182389
276,0.00164,1.62327,0.00564416,0.00959213,0.000380957,0.00937848,0.0196194,0.00029821,0.00927094,0.0120193,0.000401809,0.0106846,0.0198313,0.000261512,0.00935415,0.0126294,0.000385216,0.0100198,0.0181459,0.000331569,0.00913964,0.0135424,0.000370905,0.0110903,0.0172784,0.000311215,0.00967633,0.0145544,0.000395444,0.0108048,0.0188185,0.000335633,0.00978388,0.0147766,0.000372527,0.0114098,0.0201219,0.000274857,0.00940704,0.0145231,0.000175054
277,0.00158,1.63064,0.00574162,0.00940097,0.000393223,0.00923639,0.0194573,0.000268366,0.0091026,0.0118756,0.000353232,0.0103519,0.0191243,0.000277332,0.00940737,0.0131835,0.000357862,0.00972708,0.0173822,0.000305857,0.00909445,0.0141758,0.000364647,0.0110533,0.0170268,0.000300126,0.00969442,0.0149938,0.000381772,0.0106418,0.0181617,0.000312066,0.00964935,0.0149364,0.000367383,0.0112109,0.0187401,0.000279229,0.00934187,0.0147896,0.000192955
278,0.00152,1.57437,0.00542837,0.00898485,0.000390608,0.00886226,0.018588,0.000243781,0.00877957,0.0115551,0.000334684,0.00976025,0.0180292,0.000267899,0.00886934,0.0121065,0.000329456,0.00922368,0.0162604,0.000292016,0.00870444,0.0132932,0.00033453,0.0107563,0.0162169,0.00029328,0.00913022,0.0136979,0.000327395,0.0100158,0.0167974,0.000311135,0.00922172,0.013844,0.00033203,0.0106722,0.0171249,0.000279829,0.00908115,0.0137333,0.000158231
279,0.00146,1.5918,0.00509106,0.0087289,0.000383571,0.00854016,0.0178643,0.000225076,0.00846253,0.0110057,0.000292677,0.00919129,0.0176622,0.000263126,0.00858976,0.0116587,0.000307737,0.00934616,0.0157399,0.000274998,0.00831896,0.0127979,0.000330033,0.0103824,0.0158833,0.000285933,0.00882147,0.0133861,0.000312341,0.00921492,0.016378,0.000311685,0.00888755,0.013473,0.000311962,0.0107291,0.0170418,0.000273269,0.00864199,0.0135986,0.000157231
280,0.0014,1.57792,0.00498513,0.00830217,0.000365404,0.00816481,0.0174063,0.000230925,0.00830486,0.0107733,0.000289012,0.00911461,0.0177077,0.000232069,0.0082689,0.0113808,0.000305509,0.00894964,0.0151152,0.000250545,0.00822036,0.012707,0.00033678,0.00997383,0.0150598,0.000258589,0.00858177,0.0132115,0.0003076,0.00883206,0.0159042,0.000287959,0.00863326,0.0133297,0.00029096,0.0103395,0.0160572,0.000269018,0.00840448,0.0134431,0.000148093
281,0.00134,1.58563,0.00479635,0.00794172,0.000349064,0.00788439,0.0168997,0.000228671,0.00791835,0.010209,0.000296605,0.00861662,0.0167421,0.000209311,0.00795384,0.0109175,0.000308387,0.00859383,0.0147498,0.00022285,0.0078566,0.012136,0.000343388,0.0100292,0.0145211,0.00022459,0.00821894,0.0126961,0.000293401,0.0084252,0.0154656,0.000260871,0.00835134,0.0128475,0.000281131,0.00945989,0.0157721,0.000232558,0.00812765,0.0127735,0.000145222
282,0.00128,1.59034,0.00458479,0.00766485,0.00032829,0.00766674,0.0160962,0.000217119,0.00752533,0.00965937,0.000274091,0.00828091,0.0162338,0.000205088,0.00761308,0.0104875,0.000282299,0.00811884,0.013987,0.000214597,0.0073621,0.0112901,0.000331788,0.00934291,0.014101,0.000213072,0.00773763,0.0120688,0.000283132,0.00817438,0.0148448,0.000248603,0.00790129,0.0121747,0.000274145,0.00911487,0.0152854,0.00021221,0.00769912,0.0123006,0.000134228
283,0.00122,1.60413,0.00446869,0.0073653,0.000296218,0.00726451,0.0153313,0.000204302,0.00710012,0.00910074,0.000238324,0.0080297,0.0152777,0.000196218,0.00716055,0.00977498,0.000250523,0.00745182,0.0132866,0.000231447,0.00697242,0.010747,0.000280338,0.00870314,0.0134115,0.000226264,0.00732929,0.01113,0.000259444,0.00787735,0.0133387,0.000249027,0.00745417,0.0111374,0.000279192,0.00878423,0.0138651,0.00019811,0.00712178,0.0111244,0.000112359
284,0.00116,1.57291,0.00424709,0.00695548,0.000255077,0.00680545,0.0142462,0.000191321,0.00674956,0.00875519,0.000207417,0.00783198,0.0144079,0.000183694,0.00690236,0.00961117,0.000233523,0.00715008,0.0129653,0.000244078,0.00686905,0.0106677,0.000280447,0.00842286,0.0129767,0.000236074,0.00715518,0.0108529,0.000251838,0.00771441,0.0125709,0.000240621,0.00713185,0.0108246,0.000276269,0.0081434,0.013615,0.000191063,0.00678457,0.0108708,0.000121952
285,0.0011,1.59999,0.00392988,0.00655773,0.000230512,0.00645505,0.0132015,0.000183449,0.00639006,0.00835448,0.000215886,0.00768754,0.0134518,0.000177954,0.00652298,0.00895501,0.000237486,0.00688638,0.0123005,0.000221594,0.00655837,0.0100227,0.000259434,0.00774205,0.0119973,0.000230561,0.00683408,0.0103351,0.000242385,0.00743648,0.0119629,0.000218851,0.0067598,0.0102963,0.000242909,0.00767094,0.0130097,0.000166572,0.0064876,0.0101309,0.000111589
286,0.00104,1.55379,0.00385216,0.00624667,0.000219842,0.00619792,0.0125367,0.000167906,0.00605625,0.00803452,0.000198984,0.00703033,0.0125759,0.000174789,0.00614705,0.00846701,0.000229716,0.00690068,0.011786,0.000203074,0.00634746,0.00975142,0.000241121,0.00749424,0.0113666,0.000220987,0.00656808,0.0100298,0.000242851,0.00756217,0.0116348,0.000200814,0.00646289,0.00988105,0.000235602,0.00742437,0.0121398,0.000165727,0.00622845,0.00967047,0.000109189
287,0.00098,1.56314,0.00351696,0.00593547,0.000216789,0.00588118,0.0120135,0.000154838,0.00569932,0.0074996,0.000175729,0.00650198,0.0117734,0.000168114,0.00565449,0.00771904,0.00021239,0.00656669,0.0111772,0.000181757,0.00593122,0.0089649,0.000219055,0.00690868,0.0105369,0.000197029,0.0060736,0.00943041,0.000217359,0.006953,0.0107897,0.000179534,0.00599354,0.00924217,0.000214096,0.00682373,0.0110769,0.000152863,0.00573403,0.00898539,0.000105859
288,0.00092,1.58863,0.00331469,0.00562092,0.000217672,0.00554021,0.0115127,0.000148377,0.00537257,0.00702281,0.000152556,0.00598396,0.011,0.000152777,0.00533206,0.0072861,0.000181712,0.00615671,0.0105132,0.000161768,0.00555971,0.0085632,0.000199552,0.00624847,0.0102258,0.000184074,0.0057693,0.00908461,0.000189802,0.00630017,0.0105192,0.000168549,0.00568286,0.00891453,0.000205826,0.0066208,0.0106573,0.00015245,0.00543577,0.00868017,0.000108584
289,0.00086,1.53774,0.00308581,0.00524861,0.000199929,0.00514576,0.0105856,0.000135243,0.00501548,0.00656515,0.000136439,0.00557474,0.010398,0.000133411,0.00506575,0.0068394,0.00016923,0.00574893,0.00981069,0.000147496,0.00519447,0.00796456,0.000180522,0.00597055,0.00956406,0.000178114,0.0054666,0.00840278,0.000164221,0.00579506,0.00955744,0.000152365,0.00531325,0.00822932,0.000193048,0.00619524,0.00983625,0.000154579,0.0051171,0.00801807,0.000104977
290,0.0008,1.58093,0.00290279,0.00489824,0.000195746,0.00485693,0.0099927,0.000123139,0.00478203,0.00625817,0.000133686,0.00539123,0.00988467,0.000120617,0.00485362,0.00657087,0.000159171,0.00539152,0.00947164,0.00013509,0.00500037,0.00761141,0.000182833,0.00578112,0.00896319,0.00015463,0.00521329,0.00788372,0.00017422,0.00567705,0.00878451,0.000142661,0.00497918,0.00762305,0.000174394,0.00584741,0.00928976,0.000147338,0.00487755,0.0074175,9.70461e-05
291,0.00074,1.53441,0.00262903,0.00446388,0.000178934,0.00448628,0.00931296,0.000113614,0.004486,0.00589137,0.000117109,0.00505084,0.0092236,0.000117809,0.00463554,0.00622483,0.000145737,0.00486851,0.00873269,0.000130399,0.00469382,0.00710316,0.000174057,0.00542939,0.00859905,0.000142334,0.00484208,0.00737181,0.000167909,0.00525824,0.00834913,0.00013654,0.00462025,0.00718732,0.00015855,0.00535287,0.00895877,0.00013117,0.00450335,0.00706735,9.63257e-05
292,0.00068,1.57452,0.00238028,0.0041293,0.000169443,0.00414405,0.00859219,0.000102975,0.00413693,0.00538461,0.000103129,0.0046984,0.00836677,0.000114728,0.00421805,0.00567497,0.000136293,0.00451697,0.00797287,0.000128183,0.00430369,0.00648862,0.000158036,0.00509058,0.00760725,0.000136564,0.00438362,0.00666869,0.000146042,0.00465706,0.00767174,0.00012821,0.00418697,0.00646977,0.000140331,0.00497444,0.00806166,0.000126471,0.00410143,0.00643269,8.80302e-05
293,0.00062,1.56024,0.00221425,0.00375067,0.000156567,0.00371643,0.00773168,9.33014e-05,0.00373469,0.00489369,8.463e-05,0.00422538,0.00765039,0.000113839,0.00379999,0.00515039,0.000113845,0.00404168,0.00739289,0.000120534,0.0039109,0.00587805,0.000130787,0.00440382,0.00689774,0.000126578,0.00401039,0.00608605,0.000116519,0.00398984,0.00700719,0.000115227,0.00381343,0.00588102,0.000127872,0.00430198,0.00736952,0.000113392,0.00374255,0.00585449,8.03992e-05
294,0.00056,1.56871,0.0019994,0.0034432,0.000139871,0.00339843,0.00701556,9.02073e-05,0.00339663,0.00448327,7.57075e-05,0.00390637,0.0070362,0.000104523,0.00344459,0.00453713,9.58088e-05,0.00366603,0.00672626,0.000112076,0.00354707,0.00530862,0.000103381,0.00395556,0.00624899,0.000115254,0.00362108,0.00545886,0.000100045,0.00353581,0.00637491,0.000107713,0.00343954,0.00524227,0.000119704,0.00378507,0.0067393,0.000104749,0.0033684,0.00516391,7.29153e-05
295,0.0005,1.5445,0.00179193,0.00309154,0.000116243,0.00304659,0.00628758,7.94698e-05,0.00301511,0.00399111,7.2989e-05,0.00369589,0.00650214,8.77625e-05,0.0030919,0.00415073,7.8447e-05,0.00325406,0.00596992,0.000102806,0.00322293,0.00498772,9.6895e-05,0.00366952,0.00583491,0.000104591,0.00328506,0.00505205,8.22088e-05,0.00319641,0.00582662,9.99206e-05,0.00313156,0.00482276,0.000100711,0.00341007,0.00606053,9.23889e-05,0.00304361,0.00470856,7.03306e-05
296,0.00044,1.54393,0.00161316,0.0027285,9.62007e-05,0.0026918,0.00561345,7.08051e-05,0.00267563,0.00353685,6.5047e-05,0.00328291,0.0058626,7.54756e-05,0.00279836,0.00381919,7.89356e-05,0.00303104,0.00528801,8.55713e-05,0.00289422,0.0045463,9.3761e-05,0.00346516,0.00516826,8.76093e-05,0.00297695,0.00459916,7.56132e-05,0.00301789,0.00525045,8.79204e-05,0.00285935,0.00442326,9.00199e-05,0.00314209,0.00549133,8.31884e-05,0.00279658,0.00437678,6.05326e-05
297,0.00038,1.5391,0.00144832,0.00236443,7.97189e-05,0.00237042,0.00495659,6.0903e-05,0.00234729,0.00311324,5.87002e-05,0.00294362,0.00515466,6.62093e-05,0.00250087,0.00345133,7.47443e-05,0.0027355,0.00468324,7.15644e-05,0.00252546,0.00397921,8.34527e-05,0.0031195,0.00453229,7.30194e-05,0.00258972,0.00411164,6.82297e-05,0.00271381,0.00460582,7.45056e-05,0.00253287,0.00401319,8.24977e-05,0.00292814,0.00485541,7.30645e-05,0.00246739,0.00402237,5.64354e-05
298,0.00032,1.54579,0.00125732,0.00203245,6.81474e-05,0.00202828,0.0042034,5.1815e-05,0.00200034,0.00265122,5.08785e-05,0.00251119,0.00439444,5.71643e-05,0.00214808,0.0029786,6.23984e-05,0.00231733,0.00391561,6.475e-05,0.00216872,0.00338423,7.04093e-05,0.00270286,0.0038239,6.2698e-05,0.0022275,0.00351996,5.23288e-05,0.00232537,0.00388721,6.57381e-05,0.00220498,0.00345103,6.22584e-05,0.00243902,0.00411272,6.26962e-05,0.00214594,0.00343489,4.50639e-05
299,0.00026,1.51367,0.00104456,0.00165519,5.44472e-05,0.00165586,0.0034593,4.22655e-05,0.00166083,0.00218708,4.41004e-05,0.00201826,0.00360587,4.54963e-05,0.00176794,0.00244656,5.10919e-05,0.00189343,0.00327857,5.37605e-05,0.00177682,0.00276233,5.31302e-05,0.00215384,0.00318453,5.10276e-05,0.00183161,0.0028917,4.551e-05,0.00193503,0.00326118,5.60629e-05,0.00183378,0.00288689,4.73157e-05,0.00197252,0.00332238,5.49574e-05,0.00177346,0.00284913,3.73823e-05
300,0.0002,1.52306,0.000820077,0.00128309,4.08541e-05,0.0012901,0.00273908,3.41367e-05,0.00131519,0.00173173,3.43903e-05,0.00160429,0.0028361,3.83434e-05,0.00138334,0.00192828,3.67988e-05,0.00149713,0.00258166,4.3665e-05,0.00139624,0.002214,3.75378e-05,0.00164256,0.00243777,4.16305e-05,0.00144022,0.00228659,3.65007e-05,0.00150006,0.00253935,4.47807e-05,0.0014382,0.00228497,3.76613e-05,0.00157363,0.00260633,4.34749e-05,0.00140164,0.00225873,3.08399e-05
